[
    {
        "repo": "https://github.com/leanprover-community/mathematics_in_lean",
        "commit": "master",
        "lean": "leanprover/lean4:v4.10.0-rc2",
        "name": "mil",
        "import_file": "MIL.lean",
        "imports": ["MIL"]
    },
   {
        "repo": "https://github.com/leanprover-community/sphere-eversion",
        "commit": "master",
        "lean": "leanprover/lean4:v4.9.0",
        "name": "SphereEversion",
        "import_file": "SphereEversion.lean",
        "imports": ["SphereEversion"]
    },
    {
        "repo": "https://github.com/teorth/pfr",
        "commit": "master",
        "lean": "leanprover/lean4:v4.8.0-rc1",
        "name": "PFR",
        "import_file": "PFR.lean",
        "imports": ["PFR"]
    }
]