time,rag_utilization,rag,original_prompt,og_score,og_raw,og_errors,og_correct,new_score,new_raw,new_errors,new_correct,n,module,model,metric,method,delta,decl,context,annotation,repo,row_num,utilization_score,used_names,total_names
-1,0,7,"Shorten the current theorem (wrapped in <CURRENT>...</CURRENT>) to be as short as possible in length - measured in the number of tactics in the proof - while also ensuring that the output is still a correct proof of the theorem. The following items have been retrieved from the knowledge base as they may be helpful in optimizing the proof. They are wrapped in <RETRIEVED>...</RETRIEVED> with each item being wrapped further in <DOC>...</DOC>. Include the output in the <IMPROVED>...</IMPROVED> tag.

<RETRIEVED>
<DOC>
--src: /home/riyaza/eval_improver/improver/RAG/annotated/Mathlib/Mathlib.Data.Nat.Find
lemma find_comp_succ (h₁ : ∃ n, p n) (h₂ : ∃ n, p (n + 1)) (h0 : ¬ p 0) :
    Nat.find h₁ = Nat.find h₂ + 1 := by
  refine (find_eq_iff _).2 ⟨Nat.find_spec h₂, fun n hn ↦ ?_⟩
  cases n
  exacts [h0, @Nat.find_min (fun n ↦ p (n + 1)) _ h₂ _ (succ_lt_succ_iff.1 hn)]

</DOC>
<DOC>

--src: /home/riyaza/eval_improver/improver/RAG/annotated/Mathlib/Mathlib.Data.ZMod.Basic
theorem val_cast_eq_val_of_lt {m n : ℕ} [nzm : NeZero m] {a : ZMod m}
    (h : a.val < n) : (a.cast : ZMod n).val = a.val := by
  have nzn : NeZero n := by constructor; rintro rfl; simp at h
  cases m with
  | zero => cases nzm; simp_all
  | succ m =>
    cases n with
    | zero => cases nzn; simp_all
    | succ n => exact Fin.val_cast_of_lt h
theorem cast_cast_zmod_of_le {m n : ℕ} [hm : NeZero m] (h : m ≤ n) (a : ZMod m) :
    (cast (cast a : ZMod n) : ZMod m) = a := by
  have : NeZero n := ⟨((Nat.zero_lt_of_ne_zero hm.out).trans_le h).ne'⟩
  rw [cast_eq_val, val_cast_eq_val_of_lt (a.val_lt.trans_le h), natCast_zmod_val]

</DOC>
<DOC>

--src: /home/riyaza/eval_improver/improver/RAG/annotated/Mathlib/Mathlib.Algebra.Order.Sub.Basic
theorem tsub_lt_of_lt (h : a < b) : a - c < b :=
  lt_of_le_of_lt tsub_le_self h
protected theorem tsub_le_tsub_iff_left (ha : AddLECancellable a) (hc : AddLECancellable c)
    (h : c ≤ a) : a - b ≤ a - c ↔ c ≤ b := by
  refine ⟨?_, fun h => tsub_le_tsub_left h a⟩
  rw [tsub_le_iff_left, ← hc.add_tsub_assoc_of_le h, hc.le_tsub_iff_right (h.trans le_add_self),
    add_comm b]
  apply ha

</DOC>
<DOC>

--src: /home/riyaza/eval_improver/improver/RAG/annotated/Mathlib/Mathlib.Combinatorics.SetFamily.FourFunctions
lemma Finset.le_card_diffs_mul_card_diffs (s t : Finset α) :
    #s * #t ≤ #(s \\ t) * #(t \\ s) := by
  have : ∀ s t : Finset α, (s \\ t).map ⟨_, liftLatticeHom_injective⟩ =
      s.map ⟨_, liftLatticeHom_injective⟩ \\ t.map ⟨_, liftLatticeHom_injective⟩ := by
    rintro s t
    simp_rw [map_eq_image]
    exact image_image₂_distrib fun a b ↦ rfl
  simpa [← card_compls (_ ⊻ _), ← map_sup, ← map_inf, ← this] using
    (s.map ⟨_, liftLatticeHom_injective⟩).le_card_infs_mul_card_sups
      (t.map ⟨_, liftLatticeHom_injective⟩)ᶜˢ
lemma Finset.card_le_card_diffs (s : Finset α) : #s ≤ #(s \\ s) :=
  le_of_pow_le_pow_left₀ two_ne_zero (zero_le _) <| by
    simpa [← sq] using s.le_card_diffs_mul_card_diffs s

</DOC>
<DOC>

--src: /home/riyaza/eval_improver/improver/RAG/annotated/Mathlib/Mathlib.Algebra.Polynomial.Degree.Lemmas
theorem natDegree_mul_leadingCoeff_inv (p : K[X]) {q : K[X]} (h : q ≠ 0) :
    natDegree (p * C (leadingCoeff q)⁻¹) = natDegree p :=
  natDegree_eq_of_degree_eq (degree_mul_leadingCoeff_inv _ h)
theorem degree_mul_leadingCoeff_self_inv (p : K[X]) :
    degree (p * C (leadingCoeff p)⁻¹) = degree p := by
  by_cases hp : p = 0
  · simp [hp]
  exact degree_mul_leadingCoeff_inv _ hp

</DOC>
<DOC>

--src: /home/riyaza/eval_improver/improver/RAG/annotated/Mathlib/Mathlib.Data.Finite.Prod
protected theorem Finite.offDiag {s : Set α} (hs : s.Finite) : s.offDiag.Finite :=
  (hs.prod hs).subset s.offDiag_subset_prod
protected theorem Finite.image2 (f : α → β → γ) (hs : s.Finite) (ht : t.Finite) :
    (image2 f s t).Finite := by
  have := hs.to_subtype
  have := ht.to_subtype
  apply toFinite

</DOC>
<DOC>

--src: /home/riyaza/eval_improver/improver/RAG/annotated/Mathlib/Mathlib.NumberTheory.EllipticDivisibilitySequence
lemma map_preNormEDS' (n : ℕ) : f (preNormEDS' b c d n) = preNormEDS' (f b) (f c) (f d) n := by
  induction n using normEDSRec' with
  | zero => rw [preNormEDS'_zero, map_zero, preNormEDS'_zero]
  | one => rw [preNormEDS'_one, map_one, preNormEDS'_one]
  | two => rw [preNormEDS'_two, map_one, preNormEDS'_two]
  | three => rw [preNormEDS'_three, preNormEDS'_three]
  | four => rw [preNormEDS'_four, preNormEDS'_four]
  | _ _ ih =>
    simp only [preNormEDS'_odd, preNormEDS'_even, map_one, map_sub, map_mul, map_pow, apply_ite f]
    repeat rw [ih _ <| by linarith only]
lemma map_preNormEDS (n : ℤ) : f (preNormEDS b c d n) = preNormEDS (f b) (f c) (f d) n := by
  rw [preNormEDS, map_mul, map_intCast, map_preNormEDS', preNormEDS]

</DOC>
</RETRIEVED>

<CURRENT>
lemma additive_to_int_linear (f : ℤ → ℤ) (h: ∀ (x y : ℤ), f (x + y) = f x + f y):
   ∃ c, ∀ a, f a = c * a := by
  let g := AddMonoidHom.toIntLinearMap <| AddMonoidHom.mk' f h
  refine ⟨f 1, fun a => ?_⟩
  change g a = g 1 * a
  rw [mul_comm, ← smul_eq_mul, ← LinearMap.map_smul, smul_eq_mul, mul_one]


</CURRENT>

<IMPROVED>",4,"lemma additive_to_int_linear (f : ℤ → ℤ) (h: ∀ (x y : ℤ), f (x + y) = f x + f y):
   ∃ c, ∀ a, f a = c * a := by
  let g := AddMonoidHom.toIntLinearMap <| AddMonoidHom.mk' f h
  refine ⟨f 1, fun a => ?_⟩
  change g a = g 1 * a
  rw [mul_comm, ← smul_eq_mul, ← LinearMap.map_smul, smul_eq_mul, mul_one]

",,True,1,"--src: /home/riyaza/eval_improver/improver/RAG/annotated/Mathlib/Mathlib.Data.Finite.Prod
protected theorem Finite.offDiag {s : Set α} (hs : s.Finite) : s.offDiag.Finite  := by
    exact (hs.prod hs).subset s.offDiag_subset_prod",,True,64,Compfiles.Imo2019P1,Qwen-7B-ImproverSFT-RAG,LENGTH,best_of_n,0.75,Imo2019P1.additive_to_int_linear,False,False,Compfiles,16,0.07692307692307693,['Finite.offDiag'],13
-1,0,7,"Shorten the current theorem (wrapped in <CURRENT>...</CURRENT>) to be as short as possible in length - measured in the number of tactics in the proof - while also ensuring that the output is still a correct proof of the theorem. The following items have been retrieved from the knowledge base as they may be helpful in optimizing the proof. They are wrapped in <RETRIEVED>...</RETRIEVED> with each item being wrapped further in <DOC>...</DOC>. Include the output in the <IMPROVED>...</IMPROVED> tag.

<RETRIEVED>
<DOC>
--src: /home/riyaza/eval_improver/improver/RAG/annotated/Mathlib/Mathlib.Data.ZMod.Basic
theorem val_cast_eq_val_of_lt {m n : ℕ} [nzm : NeZero m] {a : ZMod m}
    (h : a.val < n) : (a.cast : ZMod n).val = a.val := by
  have nzn : NeZero n := by constructor; rintro rfl; simp at h
  cases m with
  | zero => cases nzm; simp_all
  | succ m =>
    cases n with
    | zero => cases nzn; simp_all
    | succ n => exact Fin.val_cast_of_lt h
theorem cast_cast_zmod_of_le {m n : ℕ} [hm : NeZero m] (h : m ≤ n) (a : ZMod m) :
    (cast (cast a : ZMod n) : ZMod m) = a := by
  have : NeZero n := ⟨((Nat.zero_lt_of_ne_zero hm.out).trans_le h).ne'⟩
  rw [cast_eq_val, val_cast_eq_val_of_lt (a.val_lt.trans_le h), natCast_zmod_val]

</DOC>
<DOC>

--src: /home/riyaza/eval_improver/improver/RAG/annotated/Mathlib/Mathlib.Algebra.Polynomial.Degree.Lemmas
theorem natDegree_mul_leadingCoeff_inv (p : K[X]) {q : K[X]} (h : q ≠ 0) :
    natDegree (p * C (leadingCoeff q)⁻¹) = natDegree p :=
  natDegree_eq_of_degree_eq (degree_mul_leadingCoeff_inv _ h)
theorem degree_mul_leadingCoeff_self_inv (p : K[X]) :
    degree (p * C (leadingCoeff p)⁻¹) = degree p := by
  by_cases hp : p = 0
  · simp [hp]
  exact degree_mul_leadingCoeff_inv _ hp

</DOC>
<DOC>

--src: /home/riyaza/eval_improver/improver/RAG/annotated/Mathlib/Mathlib.Data.Finite.Prod
protected theorem Finite.offDiag {s : Set α} (hs : s.Finite) : s.offDiag.Finite :=
  (hs.prod hs).subset s.offDiag_subset_prod
protected theorem Finite.image2 (f : α → β → γ) (hs : s.Finite) (ht : t.Finite) :
    (image2 f s t).Finite := by
  have := hs.to_subtype
  have := ht.to_subtype
  apply toFinite

</DOC>
<DOC>

--src: /home/riyaza/eval_improver/improver/RAG/annotated/Mathlib/Mathlib.RingTheory.MvPolynomial.Homogeneous
lemma pow (hφ : φ.IsHomogeneous m) (n : ℕ) : (φ ^ n).IsHomogeneous (m * n) := by
  rw [show φ ^ n = ∏ _i ∈ Finset.range n, φ by simp]
  rw [show m * n = ∑ _i ∈ Finset.range n, m by simp [mul_comm]]
  apply IsHomogeneous.prod _ _ _ (fun _ _ ↦ hφ)

</DOC>
<DOC>

--src: /home/riyaza/eval_improver/improver/RAG/annotated/Mathlib/Mathlib.NumberTheory.DirichletCharacter.Basic
lemma conductor_ne_zero (hn : n ≠ 0) : conductor χ ≠ 0 :=
  fun h ↦ hn <| Nat.eq_zero_of_zero_dvd <| h ▸ conductor_dvd_level _
lemma conductor_one (hn : n ≠ 0) : conductor (1 : DirichletCharacter R n) = 1 := by
  suffices FactorsThrough (1 : DirichletCharacter R n) 1 by
    have h : conductor (1 : DirichletCharacter R n) ≤ 1 :=
      Nat.sInf_le <| (mem_conductorSet_iff _).mpr this
    exact Nat.le_antisymm h (Nat.pos_of_ne_zero <| conductor_ne_zero _ hn)
  exact (factorsThrough_one_iff _).mpr rfl

</DOC>
<DOC>

--src: /home/riyaza/eval_improver/improver/RAG/annotated/Mathlib/Mathlib.Analysis.SpecificLimits.Basic
theorem summable_geometric_two : Summable fun n : ℕ ↦ ((1 : ℝ) / 2) ^ n :=
  ⟨_, hasSum_geometric_two⟩
theorem summable_geometric_two_encode {ι : Type*} [Encodable ι] :
    Summable fun i : ι ↦ (1 / 2 : ℝ) ^ Encodable.encode i :=
  summable_geometric_two.comp_injective Encodable.encode_injective
theorem tsum_geometric_two : (∑' n : ℕ, ((1 : ℝ) / 2) ^ n) = 2 :=
  hasSum_geometric_two.tsum_eq
theorem sum_geometric_two_le (n : ℕ) : (∑ i ∈ range n, (1 / (2 : ℝ)) ^ i) ≤ 2 := by
  have : ∀ i, 0 ≤ (1 / (2 : ℝ)) ^ i := by
    intro i
    apply pow_nonneg
    norm_num
  convert sum_le_tsum (range n) (fun i _ ↦ this i) summable_geometric_two
  exact tsum_geometric_two.symm

</DOC>
<DOC>

--src: /home/riyaza/eval_improver/improver/RAG/annotated/Mathlib/Mathlib.NumberTheory.LegendreSymbol.AddCharacter
theorem zmod_char_primitive_of_eq_one_only_at_zero (n : ℕ) (ψ : AddChar (ZMod n) C)
    (hψ : ∀ a, ψ a = 1 → a = 0) : IsPrimitive ψ := by
  refine fun a ha hf => ?_
  have h : mulShift ψ a 1 = (1 : AddChar (ZMod n) C) (1 : ZMod n) :=
    congr_fun (congr_arg (↑) hf) 1
  rw [mulShift_apply, mul_one] at h; norm_cast at h
  exact ha (hψ a h)

</DOC>
</RETRIEVED>

<CURRENT>
lemma pnat_odd_mul {a b c : ℕ+} (h : a * b = c * c) (hc : Odd c.val) :
    Odd a.val ∧ Odd b.val := by
  obtain ⟨a, ha⟩ := a
  obtain ⟨b, hb⟩ := b
  obtain ⟨c, hc⟩ := c
  simp only [PNat.mk_coe]
  rw [PNat.mk_coe] at hc
  apply_fun (fun x ↦ x.val) at h
  dsimp at h
  have h1 : Odd (c * c) := Odd.mul hc hc
  rw [←h] at h1
  exact Nat.odd_mul.mp h1


</CURRENT>

<IMPROVED>",10,"lemma pnat_odd_mul {a b c : ℕ+} (h : a * b = c * c) (hc : Odd c.val) :
    Odd a.val ∧ Odd b.val := by
  obtain ⟨a, ha⟩ := a
  obtain ⟨b, hb⟩ := b
  obtain ⟨c, hc⟩ := c
  simp only [PNat.mk_coe]
  rw [PNat.mk_coe] at hc
  apply_fun (fun x ↦ x.val) at h
  dsimp at h
  have h1 : Odd (c * c) := Odd.mul hc hc
  rw [←h] at h1
  exact Nat.odd_mul.mp h1

",,True,9," theorem val_cast_eq_val_of_lt {m n : ℕ} [nzm : NeZero m] {a : ZMod m}
    (h : a.val < n) : (a.cast : ZMod n).val = a.val   := by
  cases m with
  | zero => cases nzm; simp_all
  | succ m => cases n with
  | zero => cases nzm; simp_all
  | succ n => exact Fin.val_cast_of_lt h",,True,64,Compfiles.Usa2019P1,Qwen-7B-ImproverSFT-RAG,LENGTH,best_of_n,0.1,Usa2019P1.pnat_odd_mul,False,False,Compfiles,0,0.07142857142857142,['val_cast_eq_val_of_lt'],14
-1,0,7,"Shorten the current theorem (wrapped in <CURRENT>...</CURRENT>) to be as short as possible in length - measured in the number of tactics in the proof - while also ensuring that the output is still a correct proof of the theorem. The following items have been retrieved from the knowledge base as they may be helpful in optimizing the proof. They are wrapped in <RETRIEVED>...</RETRIEVED> with each item being wrapped further in <DOC>...</DOC>. Include the output in the <IMPROVED>...</IMPROVED> tag.

<RETRIEVED>
<DOC>
--src: /home/riyaza/eval_improver/improver/RAG/annotated/Mathlib/Mathlib.Data.ZMod.Basic
theorem val_cast_eq_val_of_lt {m n : ℕ} [nzm : NeZero m] {a : ZMod m}
    (h : a.val < n) : (a.cast : ZMod n).val = a.val := by
  have nzn : NeZero n := by constructor; rintro rfl; simp at h
  cases m with
  | zero => cases nzm; simp_all
  | succ m =>
    cases n with
    | zero => cases nzn; simp_all
    | succ n => exact Fin.val_cast_of_lt h
theorem cast_cast_zmod_of_le {m n : ℕ} [hm : NeZero m] (h : m ≤ n) (a : ZMod m) :
    (cast (cast a : ZMod n) : ZMod m) = a := by
  have : NeZero n := ⟨((Nat.zero_lt_of_ne_zero hm.out).trans_le h).ne'⟩
  rw [cast_eq_val, val_cast_eq_val_of_lt (a.val_lt.trans_le h), natCast_zmod_val]

</DOC>
<DOC>

--src: /home/riyaza/eval_improver/improver/RAG/annotated/Mathlib/Mathlib.Algebra.Order.Sub.Basic
theorem tsub_lt_of_lt (h : a < b) : a - c < b :=
  lt_of_le_of_lt tsub_le_self h
protected theorem tsub_le_tsub_iff_left (ha : AddLECancellable a) (hc : AddLECancellable c)
    (h : c ≤ a) : a - b ≤ a - c ↔ c ≤ b := by
  refine ⟨?_, fun h => tsub_le_tsub_left h a⟩
  rw [tsub_le_iff_left, ← hc.add_tsub_assoc_of_le h, hc.le_tsub_iff_right (h.trans le_add_self),
    add_comm b]
  apply ha

</DOC>
<DOC>

--src: /home/riyaza/eval_improver/improver/RAG/annotated/Mathlib/Mathlib.RingTheory.Ideal.Maximal
theorem maximal_of_no_maximal {P : Ideal α}
    (hmax : ∀ m : Ideal α, P < m → ¬IsMaximal m) (J : Ideal α) (hPJ : P < J) : J = ⊤ := by
  by_contra hnonmax
  rcases exists_le_maximal J hnonmax with ⟨M, hM1, hM2⟩
  exact hmax M (lt_of_lt_of_le hPJ hM2) hM1

</DOC>
<DOC>

--src: /home/riyaza/eval_improver/improver/RAG/annotated/Mathlib/Mathlib.RingTheory.Localization.Integer
theorem isInteger_smul {a : R} {b : S} (hb : IsInteger R b) : IsInteger R (a • b) := by
  rcases hb with ⟨b', hb⟩
  use a * b'
  rw [← hb, (algebraMap R S).map_mul, Algebra.smul_def]

</DOC>
<DOC>

--src: /home/riyaza/eval_improver/improver/RAG/annotated/Mathlib/Mathlib.Order.Minimal
theorem Minimal.or (h : Minimal (fun x ↦ P x ∨ Q x) x) : Minimal P x ∨ Minimal Q x := by
  obtain ⟨h | h, hmin⟩ := h
  · exact .inl ⟨h, fun y hy hyx ↦ hmin (Or.inl hy) hyx⟩
  exact .inr ⟨h, fun y hy hyx ↦ hmin (Or.inr hy) hyx⟩

</DOC>
<DOC>

--src: /home/riyaza/eval_improver/improver/RAG/annotated/Mathlib/Mathlib.Data.Finite.Prod
protected theorem Finite.offDiag {s : Set α} (hs : s.Finite) : s.offDiag.Finite :=
  (hs.prod hs).subset s.offDiag_subset_prod
protected theorem Finite.image2 (f : α → β → γ) (hs : s.Finite) (ht : t.Finite) :
    (image2 f s t).Finite := by
  have := hs.to_subtype
  have := ht.to_subtype
  apply toFinite

</DOC>
<DOC>

--src: /home/riyaza/eval_improver/improver/RAG/annotated/Mathlib/Mathlib.Data.Rat.Defs
theorem natCast_div_eq_divInt (n d : ℕ) : (n : ℚ) / d = n /. d := Rat.intCast_div_eq_divInt n d
theorem divInt_mul_divInt_cancel {x : ℤ} (hx : x ≠ 0) (n d : ℤ) : n /. x * (x /. d) = n /. d := by
  by_cases hd : d = 0
  · rw [hd]
    simp
  rw [divInt_mul_divInt _ _ hx hd, x.mul_comm, divInt_mul_right hx]

</DOC>
</RETRIEVED>

<CURRENT>
theorem t11 : r ⊆ s → s ⊆ t → r ⊆ t := by
  intro rsubs ssubt x xr
  apply ssubt
  apply rsubs
  apply xr


</CURRENT>

<IMPROVED>",4,"theorem t11 : r ⊆ s → s ⊆ t → r ⊆ t := by
  intro rsubs ssubt x xr
  apply ssubt
  apply rsubs
  apply xr

",,True,9,"-- src: /home/riyaza/eval_improver/improver/RAG/annotated/Mathlib/Mathlib.Data.ZMod.Basic
theorem val_cast_eq_val_of_lt {m n : ℕ} [nzm : NeZero m] {a : ZMod m}
    (h : a.val < n) : (a.cast : ZMod n).val = a.val  := by
  cases m with
  | zero => cases nzm; simp_all
  | succ m => cases n with
    | zero => cases nzm; simp_all
    | succ n => exact Fin.val_cast_of_lt h


theorem cast_cast_zmod_of_le {m n : ℕ} [hm : NeZero m] (h : m ≤ n) (a : ZMod m) :
    (cast (cast a : ZMod n) : ZMod m) = a  := by
  rw [cast_eq_val, val_cast_eq_val_of_lt (a.val_lt.trans_le h), natCast_zmod_val]

",,True,64,MIL.C03_Logic.solutions.Solutions_S01_Implication_and_the_Universal_Quantifier,Qwen-7B-ImproverSFT-RAG,LENGTH,best_of_n,-1.25,CH03.t11,False,False,MIL,3,0.18181818181818182,"['val_cast_eq_val_of_lt', 'cast_cast_zmod_of_le']",11
-1,0,7,"Shorten the current theorem (wrapped in <CURRENT>...</CURRENT>) to be as short as possible in length - measured in the number of tactics in the proof - while also ensuring that the output is still a correct proof of the theorem. The following items have been retrieved from the knowledge base as they may be helpful in optimizing the proof. They are wrapped in <RETRIEVED>...</RETRIEVED> with each item being wrapped further in <DOC>...</DOC>. Include the output in the <IMPROVED>...</IMPROVED> tag.

<RETRIEVED>
<DOC>
--src: /home/riyaza/eval_improver/improver/RAG/annotated/Mathlib/Mathlib.Data.ZMod.Basic
theorem val_cast_eq_val_of_lt {m n : ℕ} [nzm : NeZero m] {a : ZMod m}
    (h : a.val < n) : (a.cast : ZMod n).val = a.val := by
  have nzn : NeZero n := by constructor; rintro rfl; simp at h
  cases m with
  | zero => cases nzm; simp_all
  | succ m =>
    cases n with
    | zero => cases nzn; simp_all
    | succ n => exact Fin.val_cast_of_lt h
theorem cast_cast_zmod_of_le {m n : ℕ} [hm : NeZero m] (h : m ≤ n) (a : ZMod m) :
    (cast (cast a : ZMod n) : ZMod m) = a := by
  have : NeZero n := ⟨((Nat.zero_lt_of_ne_zero hm.out).trans_le h).ne'⟩
  rw [cast_eq_val, val_cast_eq_val_of_lt (a.val_lt.trans_le h), natCast_zmod_val]

</DOC>
<DOC>

--src: /home/riyaza/eval_improver/improver/RAG/annotated/Mathlib/Mathlib.CategoryTheory.Closed.Cartesian
theorem strict_initial {I : C} (t : IsInitial I) (f : A ⟶ I) : IsIso f := by
  haveI : Mono f := by
    rw [← ChosenFiniteProducts.lift_snd (𝟙 A) f, ← zeroMul_hom t]
    exact mono_comp _ _
  haveI : IsSplitEpi f := IsSplitEpi.mk' ⟨t.to _, t.hom_ext _ _⟩
  apply isIso_of_mono_of_isSplitEpi

</DOC>
<DOC>

--src: /home/riyaza/eval_improver/improver/RAG/annotated/Mathlib/Mathlib.Algebra.Order.Sub.Basic
theorem tsub_lt_of_lt (h : a < b) : a - c < b :=
  lt_of_le_of_lt tsub_le_self h
protected theorem tsub_le_tsub_iff_left (ha : AddLECancellable a) (hc : AddLECancellable c)
    (h : c ≤ a) : a - b ≤ a - c ↔ c ≤ b := by
  refine ⟨?_, fun h => tsub_le_tsub_left h a⟩
  rw [tsub_le_iff_left, ← hc.add_tsub_assoc_of_le h, hc.le_tsub_iff_right (h.trans le_add_self),
    add_comm b]
  apply ha

</DOC>
<DOC>

--src: /home/riyaza/eval_improver/improver/RAG/annotated/Mathlib/Mathlib.Data.Finite.Prod
protected theorem Finite.offDiag {s : Set α} (hs : s.Finite) : s.offDiag.Finite :=
  (hs.prod hs).subset s.offDiag_subset_prod
protected theorem Finite.image2 (f : α → β → γ) (hs : s.Finite) (ht : t.Finite) :
    (image2 f s t).Finite := by
  have := hs.to_subtype
  have := ht.to_subtype
  apply toFinite

</DOC>
<DOC>

--src: /home/riyaza/eval_improver/improver/RAG/annotated/Mathlib/Mathlib.Data.Rat.Defs
theorem natCast_div_eq_divInt (n d : ℕ) : (n : ℚ) / d = n /. d := Rat.intCast_div_eq_divInt n d
theorem divInt_mul_divInt_cancel {x : ℤ} (hx : x ≠ 0) (n d : ℤ) : n /. x * (x /. d) = n /. d := by
  by_cases hd : d = 0
  · rw [hd]
    simp
  rw [divInt_mul_divInt _ _ hx hd, x.mul_comm, divInt_mul_right hx]

</DOC>
<DOC>

--src: /home/riyaza/eval_improver/improver/RAG/annotated/Mathlib/Mathlib.Data.ENNReal.Real
theorem toNNReal_lt_of_lt_coe (h : a < p) : a.toNNReal < p :=
  @toNNReal_coe p ▸ toNNReal_strict_mono coe_ne_top h
theorem toReal_max (hr : a ≠ ∞) (hp : b ≠ ∞) :
    ENNReal.toReal (max a b) = max (ENNReal.toReal a) (ENNReal.toReal b) :=
  (le_total a b).elim
    (fun h => by simp only [h, ENNReal.toReal_mono hp h, max_eq_right]) fun h => by
    simp only [h, ENNReal.toReal_mono hr h, max_eq_left]

</DOC>
<DOC>

--src: /home/riyaza/eval_improver/improver/RAG/annotated/Mathlib/Mathlib.Order.Minimal
theorem Minimal.or (h : Minimal (fun x ↦ P x ∨ Q x) x) : Minimal P x ∨ Minimal Q x := by
  obtain ⟨h | h, hmin⟩ := h
  · exact .inl ⟨h, fun y hy hyx ↦ hmin (Or.inl hy) hyx⟩
  exact .inr ⟨h, fun y hy hyx ↦ hmin (Or.inr hy) hyx⟩

</DOC>
</RETRIEVED>

<CURRENT>
theorem t9 (ef : FnEven f) (og : FnOdd g) : FnOdd fun x ↦ f x * g x := by
  intro x
  dsimp
  rw [ef, og, neg_mul_eq_mul_neg]


</CURRENT>

<IMPROVED>",3,"theorem t9 (ef : FnEven f) (og : FnOdd g) : FnOdd fun x ↦ f x * g x := by
  intro x
  dsimp
  rw [ef, og, neg_mul_eq_mul_neg]

",,True,1,"theorem val_cast_eq_val_of_lt {m n : ℕ} [nzm : NeZero m] {a : ZMod m}
    (h : a.val < n) : (a.cast : ZMod n).val = a.val  := by
  simp [ZMod.val_cast_eq_val_of_lt h]

",,True,64,MIL.C03_Logic.solutions.Solutions_S01_Implication_and_the_Universal_Quantifier,Qwen-7B-ImproverSFT-RAG,LENGTH,best_of_n,0.666667,CH03.t9,False,False,MIL,55,0.08333333333333333,['val_cast_eq_val_of_lt'],12
-1,0,7,"Shorten the current theorem (wrapped in <CURRENT>...</CURRENT>) to be as short as possible in length - measured in the number of tactics in the proof - while also ensuring that the output is still a correct proof of the theorem. The following items have been retrieved from the knowledge base as they may be helpful in optimizing the proof. They are wrapped in <RETRIEVED>...</RETRIEVED> with each item being wrapped further in <DOC>...</DOC>. Include the output in the <IMPROVED>...</IMPROVED> tag.

<RETRIEVED>
<DOC>
--src: /home/riyaza/eval_improver/improver/RAG/annotated/Mathlib/Mathlib.Data.ZMod.Basic
theorem val_cast_eq_val_of_lt {m n : ℕ} [nzm : NeZero m] {a : ZMod m}
    (h : a.val < n) : (a.cast : ZMod n).val = a.val := by
  have nzn : NeZero n := by constructor; rintro rfl; simp at h
  cases m with
  | zero => cases nzm; simp_all
  | succ m =>
    cases n with
    | zero => cases nzn; simp_all
    | succ n => exact Fin.val_cast_of_lt h
theorem cast_cast_zmod_of_le {m n : ℕ} [hm : NeZero m] (h : m ≤ n) (a : ZMod m) :
    (cast (cast a : ZMod n) : ZMod m) = a := by
  have : NeZero n := ⟨((Nat.zero_lt_of_ne_zero hm.out).trans_le h).ne'⟩
  rw [cast_eq_val, val_cast_eq_val_of_lt (a.val_lt.trans_le h), natCast_zmod_val]

</DOC>
<DOC>

--src: /home/riyaza/eval_improver/improver/RAG/annotated/Mathlib/Mathlib.CategoryTheory.Closed.Cartesian
theorem strict_initial {I : C} (t : IsInitial I) (f : A ⟶ I) : IsIso f := by
  haveI : Mono f := by
    rw [← ChosenFiniteProducts.lift_snd (𝟙 A) f, ← zeroMul_hom t]
    exact mono_comp _ _
  haveI : IsSplitEpi f := IsSplitEpi.mk' ⟨t.to _, t.hom_ext _ _⟩
  apply isIso_of_mono_of_isSplitEpi

</DOC>
<DOC>

--src: /home/riyaza/eval_improver/improver/RAG/annotated/Mathlib/Mathlib.Data.Finite.Prod
protected theorem Finite.offDiag {s : Set α} (hs : s.Finite) : s.offDiag.Finite :=
  (hs.prod hs).subset s.offDiag_subset_prod
protected theorem Finite.image2 (f : α → β → γ) (hs : s.Finite) (ht : t.Finite) :
    (image2 f s t).Finite := by
  have := hs.to_subtype
  have := ht.to_subtype
  apply toFinite

</DOC>
<DOC>

--src: /home/riyaza/eval_improver/improver/RAG/annotated/Mathlib/Mathlib.RingTheory.Ideal.Maximal
theorem maximal_of_no_maximal {P : Ideal α}
    (hmax : ∀ m : Ideal α, P < m → ¬IsMaximal m) (J : Ideal α) (hPJ : P < J) : J = ⊤ := by
  by_contra hnonmax
  rcases exists_le_maximal J hnonmax with ⟨M, hM1, hM2⟩
  exact hmax M (lt_of_lt_of_le hPJ hM2) hM1

</DOC>
<DOC>

--src: /home/riyaza/eval_improver/improver/RAG/annotated/Mathlib/Mathlib.Order.Minimal
theorem Minimal.or (h : Minimal (fun x ↦ P x ∨ Q x) x) : Minimal P x ∨ Minimal Q x := by
  obtain ⟨h | h, hmin⟩ := h
  · exact .inl ⟨h, fun y hy hyx ↦ hmin (Or.inl hy) hyx⟩
  exact .inr ⟨h, fun y hy hyx ↦ hmin (Or.inr hy) hyx⟩

</DOC>
<DOC>

--src: /home/riyaza/eval_improver/improver/RAG/annotated/Mathlib/Mathlib.Data.Rat.Defs
theorem natCast_div_eq_divInt (n d : ℕ) : (n : ℚ) / d = n /. d := Rat.intCast_div_eq_divInt n d
theorem divInt_mul_divInt_cancel {x : ℤ} (hx : x ≠ 0) (n d : ℤ) : n /. x * (x /. d) = n /. d := by
  by_cases hd : d = 0
  · rw [hd]
    simp
  rw [divInt_mul_divInt _ _ hx hd, x.mul_comm, divInt_mul_right hx]

</DOC>
<DOC>

--src: /home/riyaza/eval_improver/improver/RAG/annotated/Mathlib/Mathlib.SetTheory.ZFC.Ordinal
theorem isOrdinal_empty : IsOrdinal ∅ :=
  ⟨isTransitive_empty, fun _ _ H ↦ (not_mem_empty _ H).elim⟩
theorem isOrdinal_not_mem_univ : IsOrdinal ∉ Class.univ.{u} := by
  rintro ⟨x, hx, -⟩
  suffices IsOrdinal x by
    apply Class.mem_irrefl x
    rwa [Class.coe_mem, hx]
  refine ⟨fun y hy z hz ↦ ?_, fun hyz hzw hwx ↦ ?_⟩ <;> rw [← Class.coe_apply, hx] at *
  exacts [hy.mem hz, hwx.mem_trans hyz hzw]

</DOC>
</RETRIEVED>

<CURRENT>
theorem t2 {m n p : ℕ} (coprime_mn : m.Coprime n) (prime_p : p.Prime) : m ^ 2 ≠ p * n ^ 2 := by
  intro sqr_eq
  have : p ∣ m := by
    apply prime_p.dvd_of_dvd_pow
    rw [sqr_eq]
    apply dvd_mul_right
  obtain ⟨k, meq⟩ := dvd_iff_exists_eq_mul_left.mp this
  have : p * (p * k ^ 2) = p * n ^ 2 := by
    rw [← sqr_eq, meq]
    ring
  have : p * k ^ 2 = n ^ 2 := by
    apply (mul_right_inj' _).mp this
    exact prime_p.ne_zero
  have : p ∣ n := by
    apply prime_p.dvd_of_dvd_pow
    rw [← this]
    apply dvd_mul_right
  have : p ∣ Nat.gcd m n := by apply Nat.dvd_gcd <;> assumption
  have : p ∣ 1 := by
    convert this
    symm
    exact coprime_mn
  have : 2 ≤ 1 := by
    apply prime_p.two_le.trans
    exact Nat.le_of_dvd zero_lt_one this
  norm_num at this


</CURRENT>

<IMPROVED>",28,"theorem t2 {m n p : ℕ} (coprime_mn : m.Coprime n) (prime_p : p.Prime) : m ^ 2 ≠ p * n ^ 2 := by
  intro sqr_eq
  have : p ∣ m := by
    apply prime_p.dvd_of_dvd_pow
    rw [sqr_eq]
    apply dvd_mul_right
  obtain ⟨k, meq⟩ := dvd_iff_exists_eq_mul_left.mp this
  have : p * (p * k ^ 2) = p * n ^ 2 := by
    rw [← sqr_eq, meq]
    ring
  have : p * k ^ 2 = n ^ 2 := by
    apply (mul_right_inj' _).mp this
    exact prime_p.ne_zero
  have : p ∣ n := by
    apply prime_p.dvd_of_dvd_pow
    rw [← this]
    apply dvd_mul_right
  have : p ∣ Nat.gcd m n := by apply Nat.dvd_gcd <;> assumption
  have : p ∣ 1 := by
    convert this
    symm
    exact coprime_mn
  have : 2 ≤ 1 := by
    apply prime_p.two_le.trans
    exact Nat.le_of_dvd zero_lt_one this
  norm_num at this

",,True,9,"theorem val_cast_eq_val_of_lt {m n : ℕ} [nzm : NeZero m] {a : ZMod m}
    (h : a.val < n) : (a.cast : ZMod n).val = a.val  := by
  cases m with
  | zero => cases nzm; simp_all
  | succ m => cases n with
  | zero => cases nzm; simp_all
  | succ n => exact Fin.val_cast_of_lt h
theorem cast_cast_zmod_of_le {m n : ℕ} [hm : NeZero m] (h : m ≤ n) (a : ZMod m) :
    (cast (cast a : ZMod n) : ZMod m) = a  := by
  cases m with
  | zero => cases nzm; simp_all
  | succ m => cases n with
  | zero => cases nzm; simp_all
  | succ n => simp_rw [cast_eq_val, val_cast_eq_val_of_lt (a.val_lt.trans_le h), natCast_zmod_val]

",,True,64,MIL.C05_Elementary_Number_Theory.solutions.Solutions_S01_Irrational_Roots,Qwen-7B-ImproverSFT-RAG,LENGTH,best_of_n,0.678571,t2,False,False,MIL,6,0.18181818181818182,"['val_cast_eq_val_of_lt', 'cast_cast_zmod_of_le']",11
-1,0,7,"Shorten the current theorem (wrapped in <CURRENT>...</CURRENT>) to be as short as possible in length - measured in the number of tactics in the proof - while also ensuring that the output is still a correct proof of the theorem. The following items have been retrieved from the knowledge base as they may be helpful in optimizing the proof. They are wrapped in <RETRIEVED>...</RETRIEVED> with each item being wrapped further in <DOC>...</DOC>. Include the output in the <IMPROVED>...</IMPROVED> tag.

<RETRIEVED>
<DOC>
--src: /home/riyaza/eval_improver/improver/RAG/annotated/Mathlib/Mathlib.Data.Finite.Prod
protected theorem Finite.offDiag {s : Set α} (hs : s.Finite) : s.offDiag.Finite :=
  (hs.prod hs).subset s.offDiag_subset_prod
protected theorem Finite.image2 (f : α → β → γ) (hs : s.Finite) (ht : t.Finite) :
    (image2 f s t).Finite := by
  have := hs.to_subtype
  have := ht.to_subtype
  apply toFinite

</DOC>
<DOC>

--src: /home/riyaza/eval_improver/improver/RAG/annotated/Mathlib/Mathlib.CategoryTheory.Closed.Cartesian
theorem strict_initial {I : C} (t : IsInitial I) (f : A ⟶ I) : IsIso f := by
  haveI : Mono f := by
    rw [← ChosenFiniteProducts.lift_snd (𝟙 A) f, ← zeroMul_hom t]
    exact mono_comp _ _
  haveI : IsSplitEpi f := IsSplitEpi.mk' ⟨t.to _, t.hom_ext _ _⟩
  apply isIso_of_mono_of_isSplitEpi

</DOC>
<DOC>

--src: /home/riyaza/eval_improver/improver/RAG/annotated/Mathlib/Mathlib.AlgebraicTopology.DoldKan.NCompGamma
instance : IsIso (Γ₂N₂.natTrans : (N₂ : Karoubi (SimplicialObject C) ⥤ _) ⋙ _ ⟶ _) := by
  have : ∀ P : Karoubi (SimplicialObject C), IsIso (Γ₂N₂.natTrans.app P) := by
    intro P
    have : IsIso (N₂.map (Γ₂N₂.natTrans.app P)) := by
      have h := identity_N₂_objectwise P
      erw [hom_comp_eq_id] at h
      rw [h]
      infer_instance
    exact isIso_of_reflects_iso _ N₂
  apply NatIso.isIso_of_isIso_app

</DOC>
<DOC>

--src: /home/riyaza/eval_improver/improver/RAG/annotated/Mathlib/Mathlib.NumberTheory.DirichletCharacter.Basic
lemma conductor_ne_zero (hn : n ≠ 0) : conductor χ ≠ 0 :=
  fun h ↦ hn <| Nat.eq_zero_of_zero_dvd <| h ▸ conductor_dvd_level _
lemma conductor_one (hn : n ≠ 0) : conductor (1 : DirichletCharacter R n) = 1 := by
  suffices FactorsThrough (1 : DirichletCharacter R n) 1 by
    have h : conductor (1 : DirichletCharacter R n) ≤ 1 :=
      Nat.sInf_le <| (mem_conductorSet_iff _).mpr this
    exact Nat.le_antisymm h (Nat.pos_of_ne_zero <| conductor_ne_zero _ hn)
  exact (factorsThrough_one_iff _).mpr rfl

</DOC>
<DOC>

--src: /home/riyaza/eval_improver/improver/RAG/annotated/Mathlib/Mathlib.Analysis.Calculus.ContDiff.FaaDiBruno
lemma emb_injective : Injective (fun (p : Σ m, Fin (c.partSize m)) ↦ c.emb p.1 p.2) := by
  rintro ⟨m, r⟩ ⟨m', r'⟩ (h : c.emb m r = c.emb m' r')
  have : m = m' := by
    contrapose! h
    have A : Disjoint (range (c.emb m)) (range (c.emb m')) :=
      c.disjoint (mem_univ m) (mem_univ m') h
    apply disjoint_iff_forall_ne.1 A (mem_range_self r) (mem_range_self r')
  subst this
  simpa using (c.emb_strictMono m).injective h

</DOC>
<DOC>

--src: /home/riyaza/eval_improver/improver/RAG/annotated/Mathlib/Mathlib.RingTheory.Polynomial.Nilpotent
lemma isUnit_iff' :
    IsUnit P ↔ IsUnit (eval 0 P) ∧ IsNilpotent (P /ₘ X)  := by
  suffices P = C (eval 0 P) + X * (P /ₘ X) by
    conv_lhs => rw [this]; simp
  conv_lhs => rw [← modByMonic_add_div P monic_X]
  simp [modByMonic_X]

</DOC>
<DOC>

--src: /home/riyaza/eval_improver/improver/RAG/annotated/Mathlib/Mathlib.Algebra.Homology.ShortComplex.SnakeLemma
lemma exact_C₃_up : (ShortComplex.mk S.v₀₁.τ₃ S.v₁₂.τ₃
    (by rw [← comp_τ₃, S.w₀₂, zero_τ₃])).Exact :=
  exact_of_f_is_kernel _ S.h₀τ₃
instance mono_L₀_f [Mono S.L₁.f] : Mono S.L₀.f := by
  have : Mono (S.L₀.f ≫ S.v₀₁.τ₂) := by
    rw [← S.v₀₁.comm₁₂]
    apply mono_comp
  exact mono_of_mono _ S.v₀₁.τ₂

</DOC>
</RETRIEVED>

<CURRENT>
lemma inf_bot_of_coprime {G : Type*} [Group G] (H K : Subgroup G)
    (h : (Nat.card H).Coprime (Nat.card K)) : H ⊓ K = ⊥ := by
  have D₁ : Nat.card (H ⊓ K : Subgroup G) ∣ Nat.card H := card_dvd_of_le inf_le_left
  have D₂ : Nat.card (H ⊓ K : Subgroup G) ∣ Nat.card K := card_dvd_of_le inf_le_right
  exact eq_bot_iff_card.2 (Nat.eq_one_of_dvd_coprimes h D₁ D₂)


</CURRENT>

<IMPROVED>",3,"lemma inf_bot_of_coprime {G : Type*} [Group G] (H K : Subgroup G)
    (h : (Nat.card H).Coprime (Nat.card K)) : H ⊓ K = ⊥ := by
  have D₁ : Nat.card (H ⊓ K : Subgroup G) ∣ Nat.card H := card_dvd_of_le inf_le_left
  have D₂ : Nat.card (H ⊓ K : Subgroup G) ∣ Nat.card K := card_dvd_of_le inf_le_right
  exact eq_bot_iff_card.2 (Nat.eq_one_of_dvd_coprimes h D₁ D₂)

",,True,1,"lemma inf_bot_of_coprime {G : Type*} [Group G] (H K : Subgroup G)
    (h : (Nat.card H).Coprime (Nat.card K)) : H ⊓ K = ⊥  := by
  exact eq_bot_iff_card.2 (Nat.eq_one_of_dvd_coprimes h (card_dvd_of_le inf_le_left) (card_dvd_of_le inf_le_right))
",,True,64,MIL.C08_Groups_and_Rings.solutions.Solutions_S01_Groups,Qwen-7B-ImproverSFT-RAG,LENGTH,best_of_n,0.666667,CH08.inf_bot_of_coprime,False,False,MIL,2,0.125,['lemma'],8
-1,0,7,"Shorten the current theorem (wrapped in <CURRENT>...</CURRENT>) to be as short as possible in length - measured in the number of tactics in the proof - while also ensuring that the output is still a correct proof of the theorem. The following items have been retrieved from the knowledge base as they may be helpful in optimizing the proof. They are wrapped in <RETRIEVED>...</RETRIEVED> with each item being wrapped further in <DOC>...</DOC>. Include the output in the <IMPROVED>...</IMPROVED> tag.

<RETRIEVED>
<DOC>
--src: /home/riyaza/eval_improver/improver/RAG/annotated/Mathlib/Mathlib.Data.ZMod.Basic
theorem val_cast_eq_val_of_lt {m n : ℕ} [nzm : NeZero m] {a : ZMod m}
    (h : a.val < n) : (a.cast : ZMod n).val = a.val := by
  have nzn : NeZero n := by constructor; rintro rfl; simp at h
  cases m with
  | zero => cases nzm; simp_all
  | succ m =>
    cases n with
    | zero => cases nzn; simp_all
    | succ n => exact Fin.val_cast_of_lt h
theorem cast_cast_zmod_of_le {m n : ℕ} [hm : NeZero m] (h : m ≤ n) (a : ZMod m) :
    (cast (cast a : ZMod n) : ZMod m) = a := by
  have : NeZero n := ⟨((Nat.zero_lt_of_ne_zero hm.out).trans_le h).ne'⟩
  rw [cast_eq_val, val_cast_eq_val_of_lt (a.val_lt.trans_le h), natCast_zmod_val]

</DOC>
<DOC>

--src: /home/riyaza/eval_improver/improver/RAG/annotated/Mathlib/Mathlib.GroupTheory.Perm.ConjAct
theorem mem_conj_support (k : ConjAct (Perm α)) (g : Perm α) (a : α) :
    a ∈ (k • g).support ↔ ConjAct.ofConjAct k⁻¹ a ∈ g.support := by
  simp only [mem_support, ConjAct.smul_def, not_iff_not, coe_mul,
    Function.comp_apply, ConjAct.ofConjAct_inv]
  apply Equiv.apply_eq_iff_eq_symm_apply

</DOC>
<DOC>

--src: /home/riyaza/eval_improver/improver/RAG/annotated/Mathlib/Mathlib.Algebra.Order.Sub.Basic
theorem tsub_lt_of_lt (h : a < b) : a - c < b :=
  lt_of_le_of_lt tsub_le_self h
protected theorem tsub_le_tsub_iff_left (ha : AddLECancellable a) (hc : AddLECancellable c)
    (h : c ≤ a) : a - b ≤ a - c ↔ c ≤ b := by
  refine ⟨?_, fun h => tsub_le_tsub_left h a⟩
  rw [tsub_le_iff_left, ← hc.add_tsub_assoc_of_le h, hc.le_tsub_iff_right (h.trans le_add_self),
    add_comm b]
  apply ha

</DOC>
<DOC>

--src: /home/riyaza/eval_improver/improver/RAG/annotated/Mathlib/Mathlib.Data.Finite.Prod
protected theorem Finite.offDiag {s : Set α} (hs : s.Finite) : s.offDiag.Finite :=
  (hs.prod hs).subset s.offDiag_subset_prod
protected theorem Finite.image2 (f : α → β → γ) (hs : s.Finite) (ht : t.Finite) :
    (image2 f s t).Finite := by
  have := hs.to_subtype
  have := ht.to_subtype
  apply toFinite

</DOC>
<DOC>

--src: /home/riyaza/eval_improver/improver/RAG/annotated/Mathlib/Mathlib.Algebra.Polynomial.Degree.Lemmas
theorem natDegree_mul_leadingCoeff_inv (p : K[X]) {q : K[X]} (h : q ≠ 0) :
    natDegree (p * C (leadingCoeff q)⁻¹) = natDegree p :=
  natDegree_eq_of_degree_eq (degree_mul_leadingCoeff_inv _ h)
theorem degree_mul_leadingCoeff_self_inv (p : K[X]) :
    degree (p * C (leadingCoeff p)⁻¹) = degree p := by
  by_cases hp : p = 0
  · simp [hp]
  exact degree_mul_leadingCoeff_inv _ hp

</DOC>
<DOC>

--src: /home/riyaza/eval_improver/improver/RAG/annotated/Mathlib/Mathlib.Algebra.DualNumber
theorem lift_apply_apply (fe : {_fe : (A →ₐ[R] B) × B // _}) (a : A[ε]) :
    lift fe a = fe.val.1 a.fst + fe.val.1 a.snd * fe.val.2 := rfl
@[simp] theorem coe_lift_symm_apply (F : A[ε] →ₐ[R] B) :
    (lift.symm F).val = (F.comp (inlAlgHom _ _ _), F ε) := rfl
set_option linter.unusedVariables false in
@[simp] theorem lift_apply_inl (fe : {fe : (A →ₐ[R] B) × B // _}) (a : A) :
    lift fe (inl a : A[ε]) = fe.val.1 a := by
  rw [lift_apply_apply, fst_inl, snd_inl, map_zero, zero_mul, add_zero]

</DOC>
<DOC>

--src: /home/riyaza/eval_improver/improver/RAG/annotated/Mathlib/Mathlib.Order.Filter.Finite
theorem mem_iInf_of_finite {ι : Type*} [Finite ι] {α : Type*} {f : ι → Filter α} (s) :
    (s ∈ ⨅ i, f i) ↔ ∃ t : ι → Set α, (∀ i, t i ∈ f i) ∧ s = ⋂ i, t i := by
  refine ⟨exists_iInter_of_mem_iInf, ?_⟩
  rintro ⟨t, ht, rfl⟩
  exact iInter_mem.2 fun i => mem_iInf_of_mem i (ht i)

</DOC>
</RETRIEVED>

<CURRENT>
theorem t6 (f : ℕ → ℝ × ℝ) (x₀ y₀ : ℝ) :
    Tendsto f atTop (𝓝 (x₀, y₀)) ↔
      Tendsto (Prod.fst ∘ f) atTop (𝓝 x₀) ∧ Tendsto (Prod.snd ∘ f) atTop (𝓝 y₀) := by
  rw [nhds_prod_eq]
  unfold Tendsto SProd.sprod Filter.instSProd
  rw [le_inf_iff, ← map_le_iff_le_comap, map_map, ← map_le_iff_le_comap, map_map]


</CURRENT>

<IMPROVED>",3,"theorem t6 (f : ℕ → ℝ × ℝ) (x₀ y₀ : ℝ) :
    Tendsto f atTop (𝓝 (x₀, y₀)) ↔
      Tendsto (Prod.fst ∘ f) atTop (𝓝 x₀) ∧ Tendsto (Prod.snd ∘ f) atTop (𝓝 y₀) := by
  rw [nhds_prod_eq]
  unfold Tendsto SProd.sprod Filter.instSProd
  rw [le_inf_iff, ← map_le_iff_le_comap, map_map, ← map_le_iff_le_comap, map_map]

",,True,9,"theorem val_cast_eq_val_of_lt {m n : ℕ} [nzm : NeZero m] {a : ZMod m}
    (h : a.val < n) : (a.cast : ZMod n).val = a.val  := by
  cases m with
  | zero => cases nzm; simp_all
  | succ m =>
    cases n with
    | zero => cases nzm; simp_all
    | succ n => exact Fin.val_cast_of_lt h

theorem cast_cast_zmod_of_le {m n : ℕ} [hm : NeZero m] (h : m ≤ n) (a : ZMod m) :
    (cast (cast a : ZMod n) : ZMod m) = a  := by
  have : NeZero n := ⟨((Nat.zero_lt_of_ne_zero hm.out).trans_le h).ne'⟩
  rw [cast_eq_val, val_cast_eq_val_of_lt (a.val_lt.trans_le h), natCast_zmod_val]

",,True,64,MIL.C10_Topology.solutions.Solutions_S01_Filters,Qwen-7B-ImproverSFT-RAG,LENGTH,best_of_n,-2.0,CH10.t6,False,False,MIL,1,0.15384615384615385,"['val_cast_eq_val_of_lt', 'cast_cast_zmod_of_le']",13
-1,0,7,"Shorten the current theorem (wrapped in <CURRENT>...</CURRENT>) to be as short as possible in length - measured in the number of tactics in the proof - while also ensuring that the output is still a correct proof of the theorem. The following items have been retrieved from the knowledge base as they may be helpful in optimizing the proof. They are wrapped in <RETRIEVED>...</RETRIEVED> with each item being wrapped further in <DOC>...</DOC>. Include the output in the <IMPROVED>...</IMPROVED> tag.

<RETRIEVED>
<DOC>
--src: /home/riyaza/eval_improver/improver/RAG/annotated/Mathlib/Mathlib.MeasureTheory.PiSystem
theorem mem_generatePiSystem_iUnion_elim {α β} {g : β → Set (Set α)} (h_pi : ∀ b, IsPiSystem (g b))
    (t : Set α) (h_t : t ∈ generatePiSystem (⋃ b, g b)) :
    ∃ (T : Finset β) (f : β → Set α), (t = ⋂ b ∈ T, f b) ∧ ∀ b ∈ T, f b ∈ g b := by
  classical
  induction' h_t with s h_s s t' h_gen_s h_gen_t' h_nonempty h_s h_t'
  · rcases h_s with ⟨t', ⟨⟨b, rfl⟩, h_s_in_t'⟩⟩
    refine ⟨{b}, fun _ => s, ?_⟩
    simpa using h_s_in_t'
  · rcases h_t' with ⟨T_t', ⟨f_t', ⟨rfl, h_t'⟩⟩⟩
    rcases h_s with ⟨T_s, ⟨f_s, ⟨rfl, h_s⟩⟩⟩
    use T_s ∪ T_t', fun b : β =>
      if b ∈ T_s then if b ∈ T_t' then f_s b ∩ f_t' b else f_s b
      else if b ∈ T_t' then f_t' b else (∅ : Set α)
    constructor
    · ext a
      simp_rw [Set.mem_inter_iff, Set.mem_iInter, Finset.mem_union, or_imp]
      rw [← forall_and]
      constructor <;> intro h1 b <;> by_cases hbs : b ∈ T_s <;> by_cases hbt : b ∈ T_t' <;>
          specialize h1 b <;>

</DOC>
<DOC>

--src: /home/riyaza/eval_improver/improver/RAG/annotated/Mathlib/Mathlib.Data.Nat.Factorial.Basic
theorem add_factorial_succ_le_factorial_add_succ (i : ℕ) (n : ℕ) :
    i + (n + 1)! ≤ (i + (n + 1))! := by
  cases (le_or_lt (2 : ℕ) i)
  · rw [← Nat.add_assoc]
    apply Nat.le_of_lt
    apply add_factorial_succ_lt_factorial_add_succ
    assumption
  · match i with
    | 0 => simp
    | 1 =>

</DOC>
<DOC>

--src: /home/riyaza/eval_improver/improver/RAG/annotated/Mathlib/Mathlib.Analysis.NormedSpace.RieszLemma
_ = ‖d‖ * (‖c‖ / R * ‖x‖) := by
      simp only [norm_smul]
      ring
    _ ≤ ‖d‖ * ‖x - y'‖ := by gcongr; exact hx y' (by simp [y', Submodule.smul_mem _ _ hy])
    _ = ‖d • x - y‖ := by rw [yy', ← smul_sub, norm_smul]

</DOC>
<DOC>

--src: /home/riyaza/eval_improver/improver/RAG/annotated/Mathlib/Mathlib.Algebra.GroupWithZero.Basic
lemma zpow_add_one₀ (ha : a ≠ 0) : ∀ n : ℤ, a ^ (n + 1) = a ^ n * a
  | (n : ℕ) => by simp only [← Int.ofNat_succ, zpow_natCast, pow_succ]
  | .negSucc 0 => by erw [zpow_zero, zpow_negSucc, pow_one, inv_mul_cancel₀ ha]
  | .negSucc (n + 1) => by

</DOC>
<DOC>

--src: /home/riyaza/eval_improver/improver/RAG/annotated/Mathlib/Mathlib.Topology.MetricSpace.GromovHausdorff
congr
          _ = min M ⌊ε⁻¹ * dist x y⌋₊ := by simp only [F, (E p).symm_apply_apply]
          _ = ⌊ε⁻¹ * dist x y⌋₊ := by
            refine min_eq_right (Nat.floor_mono ?_)
            refine mul_le_mul_of_nonneg_left (le_trans ?_ (le_max_left _ _)) (inv_pos.2 εpos).le
            change dist (x : p.Rep) y ≤ C
            refine (dist_le_diam_of_mem isCompact_univ.isBounded (mem_univ _) (mem_univ _)).trans ?_
            exact hdiam p pt
      -- Express `dist (Φ x) (Φ y)` in terms of `F q`
      have Aq : ((F q).2 ⟨i, hiq⟩ ⟨j, hjq⟩).1 = ⌊ε⁻¹ * dist (Ψ x) (Ψ y)⌋₊ :=
        calc
          ((F q).2 ⟨i, hiq⟩ ⟨j, hjq⟩).1 = ((F q).2 ((E q) (Ψ x)) ((E q) (Ψ y))).1 := by
            -- Porting note: `congr` drops `Fin.val` but fails to make further progress
            exact congr_arg₂ (Fin.val <| (F q).2 · ·) (Fin.ext i') (Fin.ext j')
          _ = min M ⌊ε⁻¹ * dist (Ψ x) (Ψ y)⌋₊ := by simp only [F, (E q).symm_apply_apply]
          _ = ⌊ε⁻¹ * dist (Ψ x) (Ψ y)⌋₊ := by

</DOC>
<DOC>

--src: /home/riyaza/eval_improver/improver/RAG/annotated/Mathlib/Mathlib.GroupTheory.CoprodI
instance : Group (CoprodI G) :=
  { inv_mul_cancel := by
      intro m
      rw [inv_def]
      induction m using CoprodI.induction_on with
      | h_one => rw [MonoidHom.map_one, MulOpposite.unop_one, one_mul]
      | h_of m ih =>
        change of _⁻¹ * of _ = 1
        rw [← of.map_mul, inv_mul_cancel, of.map_one]
      | h_mul x y ihx ihy =>

</DOC>
<DOC>

--src: /home/riyaza/eval_improver/improver/RAG/annotated/Mathlib/Mathlib.MeasureTheory.Measure.Lebesgue.EqHaar
theorem tendsto_addHaar_inter_smul_zero_of_density_zero_aux1 (s : Set E) (x : E)
    (h : Tendsto (fun r => μ (s ∩ closedBall x r) / μ (closedBall x r)) (𝓝[>] 0) (𝓝 0)) (t : Set E)
    (u : Set E) (h'u : μ u ≠ 0) (t_bound : t ⊆ closedBall 0 1) :
    Tendsto (fun r : ℝ => μ (s ∩ ({x} + r • t)) / μ ({x} + r • u)) (𝓝[>] 0) (𝓝 0) := by
  have A : Tendsto (fun r : ℝ => μ (s ∩ ({x} + r • t)) / μ (closedBall x r)) (𝓝[>] 0) (𝓝 0) := by
    apply
      tendsto_of_tendsto_of_tendsto_of_le_of_le' tendsto_const_nhds h
        (Eventually.of_forall fun b => zero_le _)
    filter_upwards [self_mem_nhdsWithin]
    rintro r (rpos : 0 < r)
    rw [← affinity_unitClosedBall rpos.le, singleton_add, ← image_vadd]
    gcongr
  have B :
    Tendsto (fun r : ℝ => μ (closedBall x r) / μ ({x} + r • u)) (𝓝[>] 0)
      (𝓝 (μ (closedBall x 1) / μ ({x} + u))) := by
    apply tendsto_const_nhds.congr' _
    filter_upwards [self_mem_nhdsWithin]
    rintro r (rpos : 0 < r)

</DOC>
</RETRIEVED>

<CURRENT>
/-- For any path `p` from `x₀` to `x₁`, we have a homotopy from the constant path based at `x₀` to
  `p.trans p.symm`. -/
def reflTransSymm (p : Path x₀ x₁) : Homotopy (Path.refl x₀) (p.trans p.symm) where
  toFun x := p ⟨reflTransSymmAux x, reflTransSymmAux_mem_I x⟩
  continuous_toFun := by continuity
  map_zero_left := by simp [reflTransSymmAux]
  map_one_left x := by
    dsimp only [reflTransSymmAux, Path.coe_toContinuousMap, Path.trans]
    change _ = ite _ _ _
    split_ifs with h
    · rw [Path.extend, Set.IccExtend_of_mem]
      · norm_num
      · rw [unitInterval.mul_pos_mem_iff zero_lt_two]
        exact ⟨unitInterval.nonneg x, h⟩
    · rw [Path.symm, Path.extend, Set.IccExtend_of_mem]
      · simp only [Set.Icc.coe_one, one_mul, coe_mk_mk, Function.comp_apply]
        congr 1
        ext
        norm_num [sub_sub_eq_add_sub]
      · rw [unitInterval.two_mul_sub_one_mem_iff]
        exact ⟨(not_le.1 h).le, unitInterval.le_one x⟩
  prop' t x hx := by
    simp only [Set.mem_singleton_iff, Set.mem_insert_iff] at hx
    simp only [ContinuousMap.coe_mk, coe_toContinuousMap, Path.refl_apply]
    cases hx with
    | inl hx
    | inr hx =>
      rw [hx]
      norm_num [reflTransSymmAux]


</CURRENT>

<IMPROVED>",25,"/-- For any path `p` from `x₀` to `x₁`, we have a homotopy from the constant path based at `x₀` to
  `p.trans p.symm`. -/
def reflTransSymm (p : Path x₀ x₁) : Homotopy (Path.refl x₀) (p.trans p.symm) where
  toFun x := p ⟨reflTransSymmAux x, reflTransSymmAux_mem_I x⟩
  continuous_toFun := by continuity
  map_zero_left := by simp [reflTransSymmAux]
  map_one_left x := by
    dsimp only [reflTransSymmAux, Path.coe_toContinuousMap, Path.trans]
    change _ = ite _ _ _
    split_ifs with h
    · rw [Path.extend, Set.IccExtend_of_mem]
      · norm_num
      · rw [unitInterval.mul_pos_mem_iff zero_lt_two]
        exact ⟨unitInterval.nonneg x, h⟩
    · rw [Path.symm, Path.extend, Set.IccExtend_of_mem]
      · simp only [Set.Icc.coe_one, one_mul, coe_mk_mk, Function.comp_apply]
        congr 1
        ext
        norm_num [sub_sub_eq_add_sub]
      · rw [unitInterval.two_mul_sub_one_mem_iff]
        exact ⟨(not_le.1 h).le, unitInterval.le_one x⟩
  prop' t x hx := by
    simp only [Set.mem_singleton_iff, Set.mem_insert_iff] at hx
    simp only [ContinuousMap.coe_mk, coe_toContinuousMap, Path.refl_apply]
    cases hx with
    | inl hx
    | inr hx =>
      rw [hx]
      norm_num [reflTransSymmAux]

",,True,25,"/-- For any path `p` from `x₀` to `x₁`, we have a homotopy from the constant path based at `x₀` to
  `p.trans p.symm`. -/
def reflTransSymm (p : Path x₀ x₁) : Homotopy (Path.refl x₀) (p.trans p.symm) where
  toFun x := p ⟨reflTransSymmAux x, reflTransSymmAux_mem_I x⟩
  continuous_toFun := by continuity
  map_zero_left := by simp [reflTransSymmAux]
  map_one_left x := by
    dsimp only [reflTransSymmAux, Path.coe_toContinuousMap, Path.trans]
    change _ = ite _ _ _
    split_ifs with h
    · rw [Path.extend, Set.IccExtend_of_mem]
      · norm_num
      · rw [unitInterval.mul_pos_mem_iff zero_lt_two]
        exact ⟨unitInterval.nonneg x, h⟩
    · rw [Path.symm, Path.extend, Set.IccExtend_of_mem]
      · simp only [Set.Icc.coe_one, one_mul, coe_mk_mk, Function.comp_apply]
        congr 1
        ext
        norm_num [sub_sub_eq_add_sub]
      · rw [unitInterval.two_mul_sub_one_mem_iff]
        exact ⟨(not_le.1 h).le, unitInterval.le_one x⟩
  prop' t x hx := by
    simp only [Set.mem_singleton_iff, Set.mem_insert_iff] at hx
    simp only [ContinuousMap.coe_mk, coe_toContinuousMap, Path.refl_apply]
    cases hx with
    | inl hx
    | inr hx =>
      rw [hx]
      norm_num [reflTransSymmAux]

",,True,64,Mathlib.AlgebraicTopology.FundamentalGroupoid.Basic,Qwen-7B-ImproverSFT-RAG,LENGTH,best_of_n,0.0,Path.Homotopy.reflTransSymm,False,False,Mathlib,1,0.2,['_'],5
-1,0,7,"Shorten the current theorem (wrapped in <CURRENT>...</CURRENT>) to be as short as possible in length - measured in the number of tactics in the proof - while also ensuring that the output is still a correct proof of the theorem. The following items have been retrieved from the knowledge base as they may be helpful in optimizing the proof. They are wrapped in <RETRIEVED>...</RETRIEVED> with each item being wrapped further in <DOC>...</DOC>. Include the output in the <IMPROVED>...</IMPROVED> tag.

<RETRIEVED>
<DOC>
--src: /home/riyaza/eval_improver/improver/RAG/annotated/Mathlib/Mathlib.Algebra.Order.Sub.Basic
theorem tsub_lt_of_lt (h : a < b) : a - c < b :=
  lt_of_le_of_lt tsub_le_self h
protected theorem tsub_le_tsub_iff_left (ha : AddLECancellable a) (hc : AddLECancellable c)
    (h : c ≤ a) : a - b ≤ a - c ↔ c ≤ b := by
  refine ⟨?_, fun h => tsub_le_tsub_left h a⟩
  rw [tsub_le_iff_left, ← hc.add_tsub_assoc_of_le h, hc.le_tsub_iff_right (h.trans le_add_self),
    add_comm b]
  apply ha

</DOC>
<DOC>

--src: /home/riyaza/eval_improver/improver/RAG/annotated/Mathlib/Mathlib.Data.ZMod.Basic
theorem val_cast_eq_val_of_lt {m n : ℕ} [nzm : NeZero m] {a : ZMod m}
    (h : a.val < n) : (a.cast : ZMod n).val = a.val := by
  have nzn : NeZero n := by constructor; rintro rfl; simp at h
  cases m with
  | zero => cases nzm; simp_all
  | succ m =>
    cases n with
    | zero => cases nzn; simp_all
    | succ n => exact Fin.val_cast_of_lt h
theorem cast_cast_zmod_of_le {m n : ℕ} [hm : NeZero m] (h : m ≤ n) (a : ZMod m) :
    (cast (cast a : ZMod n) : ZMod m) = a := by
  have : NeZero n := ⟨((Nat.zero_lt_of_ne_zero hm.out).trans_le h).ne'⟩
  rw [cast_eq_val, val_cast_eq_val_of_lt (a.val_lt.trans_le h), natCast_zmod_val]

</DOC>
<DOC>

--src: /home/riyaza/eval_improver/improver/RAG/annotated/Mathlib/Mathlib.Data.Finset.Lattice.Fold
theorem sup'_congr {t : Finset β} {f g : β → α} (h₁ : s = t) (h₂ : ∀ x ∈ s, f x = g x) :
    s.sup' H f = t.sup' (h₁ ▸ H) g := by
  subst s
  refine eq_of_forall_ge_iff fun c => ?_
  simp +contextual only [sup'_le_iff, h₂]

</DOC>
<DOC>

--src: /home/riyaza/eval_improver/improver/RAG/annotated/Mathlib/Mathlib.RingTheory.Polynomial.Content
theorem content_X_pow {k : ℕ} : content ((X : R[X]) ^ k) = 1 := by
  induction' k with k hi
  · simp
  rw [pow_succ', content_X_mul, hi]

</DOC>
<DOC>

--src: /home/riyaza/eval_improver/improver/RAG/annotated/Mathlib/Mathlib.RingTheory.MvPowerSeries.Basic
theorem coeff_apply (f : MvPowerSeries σ R) (d : σ →₀ ℕ) : coeff R d f = f d :=
  rfl
@[ext]
theorem ext {φ ψ} (h : ∀ n : σ →₀ ℕ, coeff R n φ = coeff R n ψ) : φ = ψ :=
  funext h
theorem monomial_def [DecidableEq σ] (n : σ →₀ ℕ) :
    (monomial R n) = LinearMap.single R (fun _ ↦ R) n := by
  rw [monomial]
  -- unify the `Decidable` arguments
  convert rfl

</DOC>
<DOC>

--src: /home/riyaza/eval_improver/improver/RAG/annotated/Mathlib/Mathlib.Data.ENNReal.Real
theorem toNNReal_lt_of_lt_coe (h : a < p) : a.toNNReal < p :=
  @toNNReal_coe p ▸ toNNReal_strict_mono coe_ne_top h
theorem toReal_max (hr : a ≠ ∞) (hp : b ≠ ∞) :
    ENNReal.toReal (max a b) = max (ENNReal.toReal a) (ENNReal.toReal b) :=
  (le_total a b).elim
    (fun h => by simp only [h, ENNReal.toReal_mono hp h, max_eq_right]) fun h => by
    simp only [h, ENNReal.toReal_mono hr h, max_eq_left]

</DOC>
<DOC>

--src: /home/riyaza/eval_improver/improver/RAG/annotated/Mathlib/Mathlib.SetTheory.ZFC.Ordinal
theorem isOrdinal_empty : IsOrdinal ∅ :=
  ⟨isTransitive_empty, fun _ _ H ↦ (not_mem_empty _ H).elim⟩
theorem isOrdinal_not_mem_univ : IsOrdinal ∉ Class.univ.{u} := by
  rintro ⟨x, hx, -⟩
  suffices IsOrdinal x by
    apply Class.mem_irrefl x
    rwa [Class.coe_mem, hx]
  refine ⟨fun y hy z hz ↦ ?_, fun hyz hzw hwx ↦ ?_⟩ <;> rw [← Class.coe_apply, hx] at *
  exacts [hy.mem hz, hwx.mem_trans hyz hzw]

</DOC>
</RETRIEVED>

<CURRENT>
theorem trans_refl_reparam (p : Path x₀ x₁) :
    p.trans (Path.refl x₁) =
      p.reparam (fun t => ⟨transReflReparamAux t, transReflReparamAux_mem_I t⟩) (by continuity)
        (Subtype.ext transReflReparamAux_zero) (Subtype.ext transReflReparamAux_one) := by
  ext
  unfold transReflReparamAux
  simp only [Path.trans_apply, not_le, coe_reparam, Function.comp_apply, one_div, Path.refl_apply]
  split_ifs
  · rfl
  · rfl
  · simp
  · simp


</CURRENT>

<IMPROVED>",9,"theorem trans_refl_reparam (p : Path x₀ x₁) :
    p.trans (Path.refl x₁) =
      p.reparam (fun t => ⟨transReflReparamAux t, transReflReparamAux_mem_I t⟩) (by continuity)
        (Subtype.ext transReflReparamAux_zero) (Subtype.ext transReflReparamAux_one) := by
  ext
  unfold transReflReparamAux
  simp only [Path.trans_apply, not_le, coe_reparam, Function.comp_apply, one_div, Path.refl_apply]
  split_ifs
  · rfl
  · rfl
  · simp
  · simp

",,True,8,"theorem trans_refl_reparam (p : Path x₀ x₁) :
    p.trans (Path.refl x₁) =
      p.reparam (fun t => ⟨transReflReparamAux t, transReflReparamAux_mem_I t⟩) (by continuity)
        (Subtype.ext transReflReparamAux_zero) (Subtype.ext transReflReparamAux_one)   := by
  ext
  simp only [transReflReparamAux, Path.trans_apply, not_le, coe_reparam, Function.comp_apply, one_div, Path.refl_apply]
  split_ifs <;> simp",,True,64,Mathlib.AlgebraicTopology.FundamentalGroupoid.Basic,Qwen-7B-ImproverSFT-RAG,LENGTH,best_of_n,0.111111,Path.Homotopy.trans_refl_reparam,False,False,Mathlib,58,0.07692307692307693,['ext'],13
