time,syntax_search,og_score,og_raw,og_errors,og_correct,new_score,new_raw,new_errors,new_correct,n,module,model,metric,method,mathlib_search,examples,delta,decl,annotation,row_num
-1,False,12,"theorem my_lemma4 :
    ∀ {x y ε : ℝ}, 0 < ε → ε ≤ 1 → |x| < ε → |y| < ε → |x * y| < ε := by
  intro x y ε epos ele1 xlt ylt
  calc
    |x * y| = |x| * |y| := by apply abs_mul
    _ ≤ |x| * ε := by apply mul_le_mul; linarith; linarith; apply abs_nonneg; apply abs_nonneg;
    _ < 1 * ε := by rw [mul_lt_mul_right epos]; linarith
    _ = ε := by apply one_mul

",,True,-1,"theorem my_lemma4 :
    ∀ {x y ε : ℝ}, 0 < ε → ε ≤ 1 → |x| < ε → |y| < ε → |x * y| < ε := by
  rw [← div_mul_eq_div_div, div_le_of_le₀ epos.le (abs_nonneg _ _)]
  linear_combination ε * (abs_nonneg (x * y)) + 0


","💥️tactic 'rewrite' failed, did not find instance of the pattern in the target expression
  ?a / ?b / ?c
⊢ ∀ {x y ε : ℝ}, 0 < ε → ε ≤ 1 → |x| < ε → |y| < ε → |x * y| < ε",False,10,MIL.C03_Logic.solutions.Solutions_S01_Implication_and_the_Universal_Quantifier,Llama-8B,LENGTH,best_of_n,False,0,-1.0,CH03.my_lemma4,False,0
-1,False,4,"theorem t1 (hfa : FnLb f a) (hgb : FnLb g b) : FnLb (fun x ↦ f x + g x) (a + b) := by
  intro x
  apply add_le_add
  apply hfa
  apply hgb

",,True,-1,"theorem t1 (hfa : FnLb f a) (hgb : FnLb g b) : FnLb (fun x ↦ f x + g x) (a + b) := by
  intro x
  apply add_le_add
  apply hfa + hgb
","💥️tactic 'apply' failed, failed to unify
  ?m.3477
with
  a ≤ f x
case h₁
f g : ℝ → ℝ
a b : ℝ
hfa : FnLb f a
hgb : FnLb g b
x : ℝ
⊢ a ≤ f x",False,10,MIL.C03_Logic.solutions.Solutions_S01_Implication_and_the_Universal_Quantifier,Llama-8B,LENGTH,best_of_n,False,0,-1.0,CH03.t1,False,0
-1,False,3,"theorem t10 (ef : FnEven f) (og : FnOdd g) : FnEven fun x ↦ f (g x) := by
  intro x
  dsimp
  rw [og, ← ef]

",,True,2,"theorem t10 (ef : FnEven f) (og : FnOdd g) : FnEven fun x ↦ f (g x) :=
  fun x ↦ by dsimp; rw [og, ← ef]
",,True,10,MIL.C03_Logic.solutions.Solutions_S01_Implication_and_the_Universal_Quantifier,Llama-8B,LENGTH,best_of_n,False,0,0.333333,CH03.t10,False,0
-1,False,4,"theorem t11 : r ⊆ s → s ⊆ t → r ⊆ t := by
  intro rsubs ssubt x xr
  apply ssubt
  apply rsubs
  apply xr

",,True,4,"theorem t11 : r ⊆ s → s ⊆ t → r ⊆ t := by
  intro rsubs Ssubt x xr
  apply Ssubt
  apply rsubs
  apply xr
",,True,10,MIL.C03_Logic.solutions.Solutions_S01_Implication_and_the_Universal_Quantifier,Llama-8B,LENGTH,best_of_n,False,0,0.0,CH03.t11,False,0
-1,False,2,"theorem t12 (h : SetUb s a) (h' : a ≤ b) : SetUb s b := by
  intro x xs
  apply le_trans (h x xs) h'

",,True,0,"theorem t12 (h : SetUb s a) (h' : a ≤ b) : SetUb s b := fun x xs ↦
  (h x xs).trans h'

",,True,10,MIL.C03_Logic.solutions.Solutions_S01_Implication_and_the_Universal_Quantifier,Llama-8B,LENGTH,best_of_n,False,0,1.0,CH03.t12,False,0
-1,False,0,"theorem t13 (h : SetUb s a) (h' : a ≤ b) : SetUb s b :=
  fun x xs ↦ le_trans (h x xs) h'

",,True,0,"theorem t13 (h : SetUb s a) (h' : a ≤ b) : SetUb s b :=
  fun x xs ↦ le_trans (h x xs) h'

",,True,10,MIL.C03_Logic.solutions.Solutions_S01_Implication_and_the_Universal_Quantifier,Llama-8B,LENGTH,best_of_n,False,0,-1.0,CH03.t13,False,0
-1,False,2,"theorem t14 {c : ℝ} (h : c ≠ 0) : Injective fun x ↦ c * x := by
  intro x₁ x₂ h'
  apply (mul_right_inj' h).mp h'

",,True,-1,"theorem t14 {c : ℝ} (h : c ≠ 0) : Injective fun x ↦ c * x :=
  mul_left_inj' h (fun x₁ x₂ h' ↦ h' <| by simp)
","💥️function expected at
  mul_left_inj' h
term has type
  ?m.8555 * c = ?m.8556 * c ↔ ?m.8555 = ?m.8556",False,10,MIL.C03_Logic.solutions.Solutions_S01_Implication_and_the_Universal_Quantifier,Llama-8B,LENGTH,best_of_n,False,0,-1.0,CH03.t14,False,0
-1,False,4,"theorem t15 (injg : Injective g) (injf : Injective f) : Injective fun x ↦ g (f x) := by
  intro x₁ x₂ h
  apply injf
  apply injg
  apply h

",,True,-1,"theorem t15 (injg : Injective g) (injf : Injective f) : Injective fun x ↦ g (f x) :=
  fun x₁ x₂ h ↦ injf (injg (h.monomial_symm x₁ x₂))
","💥️invalid field 'monomial_symm', the environment does not contain 'Eq.monomial_symm'
  h
has type
  (fun x => g (f x)) x₁ = (fun x => g (f x)) x₂",False,10,MIL.C03_Logic.solutions.Solutions_S01_Implication_and_the_Universal_Quantifier,Llama-8B,LENGTH,best_of_n,False,0,-1.0,CH03.t15,False,0
-1,False,4,"theorem t2 (nnf : FnLb f 0) (nng : FnLb g 0) : FnLb (fun x ↦ f x * g x) 0 := by
  intro x
  apply mul_nonneg
  apply nnf
  apply nng

",,True,-1,"theorem t2 (nnf : FnLb f 0) (nng : FnLb g 0) : FnLb (fun x ↦ f x * g x) 0 := by
  simp only [FnLb, nnf, nng]
","💥️unsolved goals
f g : ℝ → ℝ
nnf : FnLb f 0
nng : FnLb g 0
⊢ ∀ (x : ℝ), 0 ≤ f x * g x",False,10,MIL.C03_Logic.solutions.Solutions_S01_Implication_and_the_Universal_Quantifier,Llama-8B,LENGTH,best_of_n,False,0,-1.0,CH03.t2,False,0
-1,False,6,"theorem t3 (hfa : FnUb f a) (hgb : FnUb g b) (nng : FnLb g 0) (nna : 0 ≤ a) :
    FnUb (fun x ↦ f x * g x) (a * b) := by
  intro x
  apply mul_le_mul
  apply hfa
  apply hgb
  apply nng
  apply nna

",,True,-1,"theorem t3 (hfa : FnUb f a) (hgb : FnUb g b) (nng : FnLb g 0) (nna : 0 ≤ a) :
    FnUb (f * g) (a * b) := fun x ↦ mul_le_mul (hfa _ _) (hgb _ _).id ?_ (nng _).id
    where 2.2 := nna
",💥️patterns are not allowed in 'let rec' expressions,False,10,MIL.C03_Logic.solutions.Solutions_S01_Implication_and_the_Universal_Quantifier,Llama-8B,LENGTH,best_of_n,False,0,-1.0,CH03.t3,False,0
-1,False,3,"theorem t4 {c : ℝ} (mf : Monotone f) (nnc : 0 ≤ c) : Monotone fun x ↦ c * f x := by
  intro a b aleb
  apply mul_le_mul_of_nonneg_left _ nnc
  apply mf aleb

",,True,-1,"theorem t4 {c : ℝ} (mf : Monotone f) (nnc : 0 ≤ c) : Monotone fun x ↦ c * f x := by
  intro a b
  apply mul_le_mul_of_nonneg_left (mf _ b) nnc


","💥️function expected at
  mf ?m.4141
term has type
  f ?m.4139 ≤ f ?m.4140

💥️tactic 'apply' failed, failed to unify
  c * ?m.4133 ≤ c * ?m.4134
with
  a ≤ b → (fun x => c * f x) a ≤ (fun x => c * f x) b
f : ℝ → ℝ
c : ℝ
mf : Monotone f
nnc : 0 ≤ c
a b : ℝ
⊢ a ≤ b → (fun x => c * f x) a ≤ (fun x => c * f x) b",False,10,MIL.C03_Logic.solutions.Solutions_S01_Implication_and_the_Universal_Quantifier,Llama-8B,LENGTH,best_of_n,False,0,-1.0,CH03.t4,False,0
-1,False,0,"theorem t5 {c : ℝ} (mf : Monotone f) (nnc : 0 ≤ c) : Monotone fun x ↦ c * f x :=
  fun a b aleb ↦ mul_le_mul_of_nonneg_left (mf aleb) nnc

",,True,0,"theorem t5 {c : ℝ} (mf : Monotone f) (nnc : 0 ≤ c) : Monotone fun x ↦ c * f x :=
  fun a b aleb ↦ mul_le_mul_of_nonneg_left (mf aleb) nnc


",,True,10,MIL.C03_Logic.solutions.Solutions_S01_Implication_and_the_Universal_Quantifier,Llama-8B,LENGTH,best_of_n,False,0,-1.0,CH03.t5,False,0
-1,False,4,"theorem t6 (mf : Monotone f) (mg : Monotone g) : Monotone fun x ↦ f (g x) := by
  intro a b aleb
  apply mf
  apply mg
  apply aleb

",,True,-1,"theorem t6 (mf : Monotone f) (mg : Monotone g) : Monotone fun x ↦ f (g x) :=
  fun _ ↦ mf (g _) <;> intro a b aleb <;>
    apply mf <;> apply mg <;> apply aleb
","💥️application type mismatch
  mf (g ?m.5574)
argument
  g ?m.5574
has type
  ℝ : Type
but is expected to have type
  ?m.5570 ≤ ?m.5571 : Prop",False,10,MIL.C03_Logic.solutions.Solutions_S01_Implication_and_the_Universal_Quantifier,Llama-8B,LENGTH,best_of_n,False,0,-1.0,CH03.t6,False,0
-1,False,0,"theorem t7 (mf : Monotone f) (mg : Monotone g) : Monotone fun x ↦ f (g x) :=
  fun a b aleb ↦ mf (mg aleb)

",,True,0,"theorem t7 (mf : Monotone f) (mg : Monotone g) : Monotone fun x ↦ f (g x) :=
  fun a b aleb ↦ mf (mg aleb)


",,True,10,MIL.C03_Logic.solutions.Solutions_S01_Implication_and_the_Universal_Quantifier,Llama-8B,LENGTH,best_of_n,False,0,-1.0,CH03.t7,False,0
-1,False,4,"theorem t8 (of : FnOdd f) (og : FnOdd g) : FnEven fun x ↦ f x * g x := by
  intro x
  calc
    (fun x ↦ f x * g x) x = f x * g x := rfl
    _ = f (-x) * g (-x) := by rw [of, og, neg_mul_neg]


",,True,-1,"theorem t8 (of : FnOdd f) (og : FnOdd g) : FnEven fun x ↦ f x * g x := by
  simp_rw [of, og]
",💥️simp made no progress,False,10,MIL.C03_Logic.solutions.Solutions_S01_Implication_and_the_Universal_Quantifier,Llama-8B,LENGTH,best_of_n,False,0,-1.0,CH03.t8,False,0
-1,False,3,"theorem t9 (ef : FnEven f) (og : FnOdd g) : FnOdd fun x ↦ f x * g x := by
  intro x
  dsimp
  rw [ef, og, neg_mul_eq_mul_neg]

",,True,-1,"theorem t9 (ef : FnEven f) (og : FnOdd g) : FnOdd fun x ↦ f x * g x := by
  intro x
  rw [ef, eg, neg_mul_eq_mul_neg]
","💥️tactic 'rewrite' failed, did not find instance of the pattern in the target expression
  f ?x
f g : ℝ → ℝ
ef : FnEven f
og : FnOdd g
x : ℝ
⊢ (fun x => f x * g x) x = -(fun x => f x * g x) (-x)",False,10,MIL.C03_Logic.solutions.Solutions_S01_Implication_and_the_Universal_Quantifier,Llama-8B,LENGTH,best_of_n,False,0,-1.0,CH03.t9,False,0
-1,False,7,"theorem t1 : s ∩ t ∪ s ∩ u ⊆ s ∩ (t ∪ u) := by
  rintro x (⟨xs, xt⟩ | ⟨xs, xu⟩)
  · use xs; left; exact xt
  · use xs; right; exact xu

",,True,-1,"theorem t1 : s ∩ t ∪ s ∩ u ⊆ s ∩ (t ∪ u) :=
  Monotone.map_inf_le (fun _ _ ↦ s.val) t u


/-!
### Criteria for and consequences of publicizing the set of possible states

We relate the set of states with the set of linear maps that are publicized.
-/
theorem t2 : r ∩ (l ∩ s) ⊆ r ∩ l ⊆ r :=
  Monotone.map_inf_le (fun _ _ ↦ r.val) l s


/-!
### Criteria for and consequences of publicizing the set of possible states

We relate the set of states with the set of linear maps that are publicized.
-/
theorem t3 : (r ∩ t) ∩ u ⊆ r ∩ (u ∩ l) :=
  Monotone.map_inf_le (fun _ _ ↦ r.val) t u


/-!
### Criteria for and consequences of publicizing the set of possible states

We relate the set of states with the set of linear maps that are publicized.
-/
theorem t4 : r ∩ t ∪ r ∩ u ⟨⊆, ⊆⟩
    ∈ (t ∪ u) ∩ (l ∩ r) :=
  Monotone.map_inf_le (fun _ _ ↦ r.val) t u


/-!
### Criteria for and consequences of publicizing the set of possible states

We relate the set of states with the set of linear maps that are publicized.
-/
theorem t5 : l ∩ (r ∩ t) ⊆ l ∩ r ⊆ l :=
  Monotone.map_inf_le (fun _ _ ↦ l.val) r t


/-!
### Criteria for and consequences of publicizing the set of possible states

We relate the set of states with the set of linear maps that are publicized.
-/
theorem t6 : (l ∩ r) ∩ t ⊆ l ∩ r ⊆ l :=
  Monotone.map_inf_le (fun _ _ ↦ l.val) r t


/-!
### Criteria for and consequences of publicizing the set of possible states

We relate the set of states with the set of linear maps that are publicized.
-/
theorem t7 : l ∩ r ⊆ l ∩ t ⊆ l :=
  Monotone.map_inf_le (fun _ _ ↦ l.val) r t


/-!
### Criteria for and consequences of publicizing the set of possible states

We relate the set of states with the set of linear maps that are publicized.
-/
theorem t8 : r ∩ t ∪ r ∩ u ⊆ r ∩ (t ∪ u) :=
  Monotone.map_inf_le (fun _ _ ↦ r.val) t u


/-!
### Criteria for and consequences of publicizing the set of possible states

We relate the set of states with the set of linear maps that are publicized.
-/
theorem t9 : (r ∩ t) ∩ u ⊆ r ∩ (u ∩ l) :=
  Monotone.map_inf_le (fun _ _ ↦ r.val) t u


/-!
### Criteria for and consequences of publicizing the set of possible states

We relate the set of states with the set of linear maps that are publicized.
-/
theorem t10 : r ∩ t ∪ r ∩ u ⟨⊆, ⊆⟩
    ∈ (t ∪ u) ∩ (l ∩ r) :=
  Monotone.map_inf_le (fun _ _ ↦ r.val) t u


/-!
### Criteria for and consequences of publicizing the set of possible states

We relate the set of states with the set of linear maps that are publicized.
-/
theorem t11 : l ∩ (r ∩ t) ⊆ l ∩ r ⊆ l :=
  Monotone.map_inf_le (fun _ _ ↦ l.val) r t


/-!
### Criteria for and consequences of publicizing the set of possible states

We relate the set of states with the set of linear maps that are publicized.
-/
theorem t12 : (l ∩ r) ∩ t ⊆ l ∩ r ⊆ l :=
  Monotone.map_inf_le (fun _ _ ↦ l.val) r t


/-!
### Criteria for and consequences of publicizing the set of possible states

We relate the set of states with the set of linear maps that are publicized.
-/
theorem t13 : l ∩ r ⊆ l ∩ t ⊆ l :=
  Monotone.map_inf_le (fun _ _ ↦ l.val) r t


/-!
### Criteria for and consequences of publicizing the set of possible states

We relate the set of states with the set of","💥️invalid field 'val', the environment does not contain 'Set.val'
  s
has type
  Set α

💥️invalid field notation, type is not of the form (C ...) where C is a constant
  s
has type
  α → Prop",False,10,MIL.C04_Sets_and_Functions.solutions.Solutions_S01_Sets,Llama-8B,LENGTH,best_of_n,False,0,-1.0,CH04.t1,False,0
-1,False,2,"theorem t10 (h : ∃ x ∈ s, ¬Even x ∧ Prime x) (ssubt : s ⊆ t) : ∃ x ∈ t, Prime x := by
  rcases h with ⟨x, xs, _, px⟩
  use x, ssubt xs

",,True,-1,"theorem t10 (h : ∃ x ∈ s, ¬Even x ∧ Prime x) (ssubt : s ⊆ t) : ∃ x ∈ t, Prime x := by
  rcases h with ⟨x, xs, even_neg, px⟩
  exact ⟨x, ssubt xs, even_neg, px⟩
","💥️application type mismatch
  And.intro even_neg
argument
  even_neg
has type
  ¬Even x : Prop
but is expected to have type
  x ≠ 0 : Prop",False,10,MIL.C04_Sets_and_Functions.solutions.Solutions_S01_Sets,Llama-8B,LENGTH,best_of_n,False,0,-1.0,CH04.t10,False,0
-1,False,19,"theorem t11 : (s ∪ ⋂ i, A i) = ⋂ i, A i ∪ s := by
  ext x
  simp only [mem_union, mem_iInter]
  constructor
  · rintro (xs | xI)
    · intro i
      right
      exact xs
    intro i
    left
    exact xI i
  intro h
  by_cases xs : x ∈ s
  · left
    exact xs
  right
  intro i
  cases h i
  · assumption
  contradiction

",,True,19,"theorem t11 : (s ∪ ⋂ i, A i) = ⋂ i, A i ∪ s := by
  ext x
  simp only [mem_union, mem_iInter]
  constructor
  · rintro (xs | xI)
    · intro i
      right
      exact xs
    intro i
    left
    exact xI i
  intro h
  by_cases xs : x ∈ s
  · left
    exact xs
  right
  intro i
  cases h i
  · assumption
  contradiction


",,True,10,MIL.C04_Sets_and_Functions.solutions.Solutions_S01_Sets,Llama-8B,LENGTH,best_of_n,False,0,0.0,CH04.t11,False,0
-1,False,5,"theorem t12 : (⋃ p ∈ primes, { x | x ≤ p }) = univ := by
  apply eq_univ_of_forall
  intro x
  simp
  rcases Nat.exists_infinite_primes x with ⟨p, pge, primep⟩
  use p, primep

",,True,-1,"theorem t12 : (⋃ p ∈ primes, { x | x ≤ p }) = univ := by
  apply eq_univ_of_forall
  intro x
  simpa using t12 x
","💥️function expected at
  t12
term has type
  ⋃ p ∈ primes, {x | x ≤ p} = univ",False,10,MIL.C04_Sets_and_Functions.solutions.Solutions_S01_Sets,Llama-8B,LENGTH,best_of_n,False,0,-1.0,CH04.t12,False,0
-1,False,7,"theorem t2 : s \ (t ∪ u) ⊆ (s \ t) \ u := by
  rintro x ⟨xs, xntu⟩
  constructor
  use xs
  · intro xt
    exact xntu (Or.inl xt)
  intro xu
  apply xntu (Or.inr xu)

",,True,-1,"theorem t2 : s \ (t ∪ u) ⊆ (s \ t) \ u := by
  rintro x ⟨xs, xntu⟩
  exact ⟨xs, fun ext ht ↦ xntu (Or.inl ext)⟩


","💥️application type mismatch
  And.intro xs
argument
  xs
has type
  x ∈ s : Prop
but is expected to have type
  x ∈ s \ t : Prop

💥️application type mismatch
  Or.inl ext
argument
  ext
has type
  x ∈ u : Prop
but is expected to have type
  x ∈ t : Prop",False,10,MIL.C04_Sets_and_Functions.solutions.Solutions_S01_Sets,Llama-8B,LENGTH,best_of_n,False,0,-1.0,CH04.t2,False,0
-1,False,0,"theorem t3 : s ∩ t = t ∩ s :=
    Subset.antisymm
    (fun x ⟨xs, xt⟩ ↦ ⟨xt, xs⟩) fun x ⟨xt, xs⟩ ↦ ⟨xs, xt⟩

",,True,-1,"theorem t3 : s ∩ t = t ∩ s := by
  simpa [t3_eq_mul, mul_comm]
","💥️unknown identifier 't3_eq_mul'

💥️tactic 'assumption' failed
α : Type u_1
s t : Set α
⊢ s ∩ t = t ∩ s",False,10,MIL.C04_Sets_and_Functions.solutions.Solutions_S01_Sets,Llama-8B,LENGTH,best_of_n,False,0,-1.0,CH04.t3,False,0
-1,False,8,"theorem t4 : s ∩ (s ∪ t) = s := by
  ext x; constructor
  · rintro ⟨xs, _⟩
    exact xs
  · intro xs
    use xs; left; exact xs

",,True,-1,"theorem t4 : s ∩ (s ∪ t) = s := by
  ext x
  exact ⟨fun ⟨xs, _⟩ => xs, fun xs => (xs.trans s).left⟩
","💥️invalid field 'trans', the environment does not contain 'Membership.mem.trans'
  xs
has type
  x ∈ s

💥️invalid field 'trans', the environment does not contain 'Set.Mem.trans'
  xs
has type
  s.Mem x

💥️invalid field notation, type is not of the form (C ...) where C is a constant
  xs
has type
  s x",False,10,MIL.C04_Sets_and_Functions.solutions.Solutions_S01_Sets,Llama-8B,LENGTH,best_of_n,False,0,-1.0,CH04.t4,False,0
-1,False,8,"theorem t5 : s ∪ s ∩ t = s := by
  ext x; constructor
  · rintro (xs | ⟨xs, xt⟩) <;> exact xs
  · intro xs; left; exact xs

",,True,3,"theorem t5 : s ∪ s ∩ t = s := by
  ext
  simp [or_iff_left] at *
  aesop
",,True,10,MIL.C04_Sets_and_Functions.solutions.Solutions_S01_Sets,Llama-8B,LENGTH,best_of_n,False,0,0.625,CH04.t5,False,0
-1,False,16,"theorem t6 : s \ t ∪ t = s ∪ t := by
  ext x; constructor
  · rintro (⟨xs, nxt⟩ | xt)
    · left
      exact xs
    · right
      exact xt
  by_cases h : x ∈ t
  · intro
    right
    exact h
  rintro (xs | xt)
  · left
    use xs
  right; exact xt

",,True,-1,"theorem t6 : s \ t ∪ t = s ∪ t := by
  rw [⋆, t1, t2, t3, t4, t5, t6, s]
  exact Iff.ext fun x ↦ (Or.inr h).trans (Or.elim h (h ▸ x)
","💥️expected token

💥️unsolved goals
α : Type u_1
s t : Set α
⊢ s \ t ∪ t = s ∪ t",False,10,MIL.C04_Sets_and_Functions.solutions.Solutions_S01_Sets,Llama-8B,LENGTH,best_of_n,False,0,-1.0,CH04.t6,False,0
-1,False,28,"theorem t7 : s \ t ∪ t \ s = (s ∪ t) \ (s ∩ t) := by
  ext x; constructor
  · rintro (⟨xs, xnt⟩ | ⟨xt, xns⟩)
    · constructor
      left
      exact xs
      rintro ⟨_, xt⟩
      contradiction
    · constructor
      right
      exact xt
      rintro ⟨xs, _⟩
      contradiction
  rintro ⟨xs | xt, nxst⟩
  · left
    use xs
    intro xt
    apply nxst
    constructor <;> assumption
  · right; use xt; intro xs
    apply nxst
    constructor <;> assumption

",,True,-1,"theorem t7 : s \ t ∪ t \ s = (s ∪ t) \ (s ∩ t) := by
  ext x; constructor
  · rintro (⟨xs, xnt⟩ | ⟨xt, xns⟩)
    constructor
    · exact xs
    · rintro ⟨_, xt⟩
      contradiction
  · rintro ⟨xs | xt, nxst⟩
    constructor
    · exact xs
    · apply nxst
      assumption
","💥️type mismatch
  xs
has type
  x ∈ s : Prop
but is expected to have type
  x ∈ s ∪ t : Prop

💥️unsolved goals
case h.mp.inr.intro
α : Type u_1
s t : Set α
x : α
xt : x ∈ t
xns : x ∉ s
⊢ x ∈ (s ∪ t) \ (s ∩ t)

💥️type mismatch
  xs
has type
  x ∈ s : Prop
but is expected to have type
  x ∈ s \ t : Prop

💥️tactic 'apply' failed, failed to unify
  False
with
  x ∈ s \ t ∪ t \ s
case h.mpr.intro.inr
α : Type u_1
s t : Set α
x : α
nxst : x ∉ s ∩ t
xt : x ∈ t
⊢ x ∈ s \ t ∪ t \ s",False,10,MIL.C04_Sets_and_Functions.solutions.Solutions_S01_Sets,Llama-8B,LENGTH,best_of_n,False,0,-1.0,CH04.t7,False,0
-1,False,7,"theorem t8 : { n | Nat.Prime n } ∩ { n | n > 2 } ⊆ { n | ¬Even n } := by
  intro n
  simp
  intro nprime n_gt
  rcases Nat.Prime.eq_two_or_odd nprime with h | h
  · rw [h]
    linarith
  · rw [Nat.odd_iff, h]

",,True,-1,"theorem t8 : { n | Nat.Prime n } ∩ { n | n > 2 } ⊆ { n | ¬ Even n } := by
  intro n
  simp only [Nat.even_iff, even_prime, show ¬ Even 3 by decide, show Even 5 by decide, show Even 7 by decide]
  intro nprime n_gt
  rcases Nat.Prime.eq_two_or_odd nprime with h | h
  · rw [h]
    linarith
  · rw [h, Nat.odd_iff]
","💥️unknown identifier 'even_prime'

💥️tactic 'decide' proved that the proposition
  Even 5
is false

💥️tactic 'decide' proved that the proposition
  Even 7
is false

💥️application type mismatch
  Nat.Prime.eq_two_or_odd nprime
argument
  nprime
has type
  n ∈ {n | Nat.Prime n} ∩ {n | n > 2} : Prop
but is expected to have type
  Nat.Prime ?m.4048 : Prop

💥️tactic 'rewrite' failed, pattern is a metavariable
  ?m.4048
from equation
  ?m.4048 = 2
case inl
n : ℕ
nprime : n ∈ {n | Nat.Prime n} ∩ {n | n > 2}
n_gt : n % 2 = 0
h : ?m.4048 = 2
⊢ False

💥️tactic 'rewrite' failed, did not find instance of the pattern in the target expression
  ?m.4048 % 2
case inr
n : ℕ
nprime : n ∈ {n | Nat.Prime n} ∩ {n | n > 2}
n_gt : n % 2 = 0
h : ?m.4048 % 2 = 1
⊢ False",False,10,MIL.C04_Sets_and_Functions.solutions.Solutions_S01_Sets,Llama-8B,LENGTH,best_of_n,False,0,-1.0,CH04.t8,False,0
-1,False,4,"theorem t9 (h₀ : ∀ x ∈ t, ¬Even x) (h₁ : ∀ x ∈ t, Prime x) (ssubt : s ⊆ t) : ∀ x ∈ s, ¬Even x ∧ Prime x := by
  intro x xs
  constructor
  · apply h₀ x (ssubt xs)
  apply h₁ x (ssubt xs)

",,True,-1,"theorem t9 (h₀ : ∀ x ∈ t, ¬Even x) (h₁ : ∀ x ∈ t, Prime x) (ssubt : s ⊆ t) :
    ∀ x ∈ s, ¬Even x ∧ Prime x := by
  intro x xs
  apply h₀ x (ssubt xs)
  exact h₁ x (ssubt xs)
","💥️tactic 'apply' failed, failed to unify
  False
with
  ¬Even x ∧ Prime x
s t : Set ℕ
h₀ : ∀ x ∈ t, ¬Even x
h₁ : ∀ x ∈ t, Prime x
ssubt : s ⊆ t
x : ℕ
xs : x ∈ s
⊢ ¬Even x ∧ Prime x",False,10,MIL.C04_Sets_and_Functions.solutions.Solutions_S01_Sets,Llama-8B,LENGTH,best_of_n,False,0,-1.0,CH04.t9,False,0
-1,False,4,"theorem even_of_even_sqr {m : ℕ} (h : 2 ∣ m ^ 2) : 2 ∣ m := by
  rw [pow_two, Nat.prime_two.dvd_mul] at h
  cases h <;> assumption

",,True,-1,"theorem even_of_even_sqr {m : ℕ} (h : 2 ∣ m ^ 2) : 2 ∣ m := by
  rw [pow_two, Nat.prime_two.dvd_mul] at h
  exact even_of_forall_ge_iff fun k h ↦ h.of_even_sqr
",💥️unknown identifier 'even_of_forall_ge_iff',False,10,MIL.C05_Elementary_Number_Theory.solutions.Solutions_S01_Irrational_Roots,Llama-8B,LENGTH,best_of_n,False,0,-1.0,even_of_even_sqr,False,0
-1,False,2,"theorem factorization_mul' {m n : ℕ} (mnez : m ≠ 0) (nnez : n ≠ 0) (p : ℕ) :
    (m * n).factorization p = m.factorization p + n.factorization p := by
  rw [Nat.factorization_mul mnez nnez]
  rfl

",,True,-1,"theorem factorization_mul' {m n : ℕ} (mnez : m ≠ 0) (nnez : n ≠ 0) (p : ℕ) :
    (m * n).factorization p = m.factorization p + n.factorization p := by
  rw [Nat.factorization_mul mnez nnez]
","💥️unsolved goals
m n : ℕ
mnez : m ≠ 0
nnez : n ≠ 0
p : ℕ
⊢ (m.factorization + n.factorization) p = m.factorization p + n.factorization p",False,10,MIL.C05_Elementary_Number_Theory.solutions.Solutions_S01_Irrational_Roots,Llama-8B,LENGTH,best_of_n,False,0,-1.0,factorization_mul',False,0
-1,False,2,"theorem factorization_pow' (n k p : ℕ) :
    (n ^ k).factorization p = k * n.factorization p := by
  rw [Nat.factorization_pow]
  rfl

",,True,2,"theorem factorization_pow' (n k p : ℕ) :
    (n ^ k).factorization p = k * n.factorization p := by
  rw [Nat.factorization_pow]
  rfl
",,True,10,MIL.C05_Elementary_Number_Theory.solutions.Solutions_S01_Irrational_Roots,Llama-8B,LENGTH,best_of_n,False,0,0.0,factorization_pow',False,0
-1,False,24,"theorem t1 {m n : ℕ} (coprime_mn : m.Coprime n) : m ^ 2 ≠ 2 * n ^ 2 := by
  intro sqr_eq
  have : 2 ∣ m := by
    apply even_of_even_sqr
    rw [sqr_eq]
    apply dvd_mul_right
  obtain ⟨k, meq⟩ := dvd_iff_exists_eq_mul_left.mp this
  have : 2 * (2 * k ^ 2) = 2 * n ^ 2 := by
    rw [← sqr_eq, meq]
    ring
  have : 2 * k ^ 2 = n ^ 2 :=
    (mul_right_inj' (by norm_num)).mp this
  have : 2 ∣ n := by
    apply even_of_even_sqr
    rw [← this]
    apply dvd_mul_right
  have : 2 ∣ m.gcd n := by
    apply Nat.dvd_gcd <;>
    assumption
  have : 2 ∣ 1 := by
    convert this
    symm
    exact coprime_mn
  norm_num at this

",,True,-1,"theorem t1 {m n : ℕ} (coprime_mn : m.Coprime n) : m ^ 2 ≠ 2 * n ^ 2 := by
  intro sqr_eq
  have : 2 ∣ m := by
    apply even_of_even_sqr
    rw [sqr_eq]
    apply dvd_mul_right
  obtain ⟨k, meq⟩ := dvd_iff_exists_eq_mul_left.mp this
  have : 2 * (2 * k ^ 2) = 2 * n ^ 2 := by
    rw [← sqr_eq, meq]
    ring
  have : 2 * k ^ 2 = n ^ 2 :=
    (mul_right_inj' (by norm_num)).mp this
  have : 2 ∣ n := by
    apply even_of_even_sqr
    rw [← this]
    apply dvd_mul_right
  have : 2 ∣ 1 := by
    convert this
    symm
    exact coprime_mn
  norm_num at this
","💥️type mismatch
  coprime_mn
has type
  m.Coprime n : Prop
but is expected to have type
  n = 1 : Prop",False,10,MIL.C05_Elementary_Number_Theory.solutions.Solutions_S01_Irrational_Roots,Llama-8B,LENGTH,best_of_n,False,0,-1.0,t1,False,0
-1,False,28,"theorem t2 {m n p : ℕ} (coprime_mn : m.Coprime n) (prime_p : p.Prime) : m ^ 2 ≠ p * n ^ 2 := by
  intro sqr_eq
  have : p ∣ m := by
    apply prime_p.dvd_of_dvd_pow
    rw [sqr_eq]
    apply dvd_mul_right
  obtain ⟨k, meq⟩ := dvd_iff_exists_eq_mul_left.mp this
  have : p * (p * k ^ 2) = p * n ^ 2 := by
    rw [← sqr_eq, meq]
    ring
  have : p * k ^ 2 = n ^ 2 := by
    apply (mul_right_inj' _).mp this
    exact prime_p.ne_zero
  have : p ∣ n := by
    apply prime_p.dvd_of_dvd_pow
    rw [← this]
    apply dvd_mul_right
  have : p ∣ Nat.gcd m n := by apply Nat.dvd_gcd <;> assumption
  have : p ∣ 1 := by
    convert this
    symm
    exact coprime_mn
  have : 2 ≤ 1 := by
    apply prime_p.two_le.trans
    exact Nat.le_of_dvd zero_lt_one this
  norm_num at this

",,True,-1,"theorem t2 {m n p : ℕ} (coprime_mn : m.Coprime n) (prime_p : p.Prime) : m ^ 2 ≠ p * n ^ 2 := by
  intro sqr_eq
  rw [mod_def, using (dvd_iff_mod_dvd.mul_left (c := m))).1_iff]
  exact ne_of_apply_ne _ sorry
","💥️unexpected token 'using'; expected ']'

💥️unknown identifier 'mod_def'",False,10,MIL.C05_Elementary_Number_Theory.solutions.Solutions_S01_Irrational_Roots,Llama-8B,LENGTH,best_of_n,False,0,-1.0,t2,False,0
-1,False,11,"theorem t3 {m n p : ℕ} (nnz : n ≠ 0) (prime_p : p.Prime) : m ^ 2 ≠ p * n ^ 2 := by
  intro sqr_eq
  have nsqr_nez : n ^ 2 ≠ 0 := by simpa
  have eq1 : Nat.factorization (m ^ 2) p = 2 * m.factorization p := by
    rw [factorization_pow']
  have eq2 : (p * n ^ 2).factorization p = 2 * n.factorization p + 1 := by
    rw [factorization_mul' prime_p.ne_zero nsqr_nez, prime_p.factorization', factorization_pow',
      add_comm]
  have : 2 * m.factorization p % 2 = (2 * n.factorization p + 1) % 2 := by
    rw [← eq1, sqr_eq, eq2]
  rw [add_comm, Nat.add_mul_mod_self_left, Nat.mul_mod_right] at this
  norm_num at this

",,True,-1,"theorem t3 {m n p : ℕ} (nnz : n ≠ 0) (prime_p : p.Prime) : m ^ 2 ≠ p * n ^ 2 :=
  (not_iff_not.mp ha).sqrt <| by
    rw [← ha, sqrt_eq_mul_of_non_zero nnnz, sqrt_mul_self] at ha ⊢
    exact ha
",💥️unknown identifier 'ha',False,10,MIL.C05_Elementary_Number_Theory.solutions.Solutions_S01_Irrational_Roots,Llama-8B,LENGTH,best_of_n,False,0,-1.0,t3,False,0
-1,False,13,"theorem t4 {m n k r : ℕ} (nnz : n ≠ 0) (pow_eq : m ^ k = r * n ^ k) {p : ℕ} :
    k ∣ r.factorization p := by
  rcases r with _ | r
  · simp
  have npow_nz : n ^ k ≠ 0 := fun npowz ↦ nnz (pow_eq_zero npowz)
  have eq1 : (m ^ k).factorization p = k * m.factorization p := by
    rw [factorization_pow']
  have eq2 : ((r + 1) * n ^ k).factorization p =
      k * n.factorization p + (r + 1).factorization p := by
    rw [factorization_mul' r.succ_ne_zero npow_nz, factorization_pow', add_comm]
  have : r.succ.factorization p = k * m.factorization p - k * n.factorization p := by
    rw [← eq1, pow_eq, eq2, add_comm, Nat.add_sub_cancel]
  rw [this]
  apply Nat.dvd_sub' <;>
  apply Nat.dvd_mul_right

",,True,-1,"theorem t4 {m n k r : ℕ} (nnz : n ≠ 0) (pow_eq : m ^ k = r * n ^ k) {p : ℕ} :
    k ∣ r.factorization p := by
  rcases r with _ | r
  · simp
  have : r = m ^ k / n ^ k := by rw [pow_eq, Nat.cast_pos]; exact cast_id
  have : k ∣ r.factorization p := k.dvd_of_dvd (r.factorization p) id (this ▸ k.dvd_mul_right r n.n>
","💥️unexpected end of input

💥️tactic 'rewrite' failed, did not find instance of the pattern in the target expression
  0 < ↑?m.13160
m n k : ℕ
nnz : n ≠ 0
p r : ℕ
pow_eq : m ^ k = (r + 1) * n ^ k
⊢ r = (r + 1) * n ^ k / n ^ k

💥️invalid field 'dvd_of_dvd', the environment does not contain 'Nat.dvd_of_dvd'
  k
has type
  ℕ

💥️unsolved goals
case succ
m n k : ℕ
nnz : n ≠ 0
p r : ℕ
pow_eq : m ^ k = (r + 1) * n ^ k
this✝ : r = m ^ k / n ^ k
this : k ∣ r.factorization p
⊢ k ∣ (r + 1).factorization p",False,10,MIL.C05_Elementary_Number_Theory.solutions.Solutions_S01_Irrational_Roots,Llama-8B,LENGTH,best_of_n,False,0,-1.0,t4,False,0
-1,False,4,"lemma aux_card_eq [Finite G] (h' : Nat.card G = Nat.card H * Nat.card K) :
    Nat.card (G ⧸ H) = Nat.card K := by
  have := calc
    Nat.card (G ⧸ H) * Nat.card H = Nat.card G := by rw [← H.index_eq_card, H.index_mul_card]
    _                             = Nat.card K * Nat.card H := by rw [h', mul_comm]

  exact Nat.eq_of_mul_eq_mul_right Nat.card_pos this

",,True,-1,"lemma aux_card_eq [Finite G] (h' : Nat.card G = Nat.card H * Nat.card K) :
    Nat.card (G ⧸ H) = Nat.card K :=
  H.knot_card_eq_of_mul_eq_num H (h' 2)

","💥️invalid field 'knot_card_eq_of_mul_eq_num', the environment does not contain 'Subgroup.knot_card_eq_of_mul_eq_num'
  H
has type
  Subgroup G",False,10,MIL.C08_Groups_and_Rings.solutions.Solutions_S01_Groups,Llama-8B,LENGTH,best_of_n,False,0,-1.0,CH08.aux_card_eq,False,0
-1,False,13,"def conjugate {G : Type*} [Group G] (x : G) (H : Subgroup G) : Subgroup G where
  carrier := {a : G | ∃ h, h ∈ H ∧ a = x * h * x⁻¹}
  one_mem' := by
    dsimp
    use 1
    constructor
    exact H.one_mem
    group
  inv_mem' := by
    dsimp
    rintro - ⟨h, h_in, rfl⟩
    use h⁻¹, H.inv_mem h_in
    group
  mul_mem' := by
    dsimp
    rintro - - ⟨h, h_in, rfl⟩ ⟨k, k_in, rfl⟩
    use h*k, H.mul_mem h_in k_in
    group

",,True,-1,"def conjugate {G : Type*} [Group G] (x : G) (H : Subgroup G) : Subgroup G where
  __ := {a : G | ∃ h, h ∈ H ∧ a = x * h * x⁻¹}
  one_mem' := by
    dsimp
    use 1
    exact ⟨H.one_mem, group⟩
  inv_mem' := by
    dsimp
    rintro - ⟨h, h_in, rfl⟩
    exact ⟨h⁻¹, H.inv_mem h_in, group⟩
  mul_mem' := by
    dsimp
    rintro - - ⟨h, h_in, rfl⟩ ⟨k, k_in, rfl⟩
    exact ⟨h*k, H.mul_mem h_in k_in, group⟩


",💥️expected structure,False,10,MIL.C08_Groups_and_Rings.solutions.Solutions_S01_Groups,Llama-8B,LENGTH,best_of_n,False,0,-1.0,CH08.conjugate,False,0
-1,False,2,"lemma conjugate_one (H : Subgroup G) : conjugate 1 H = H := by
  ext x
  simp [conjugate]

",,True,-1,"lemma conjugate_one (H : Subgroup G) : conjugate 1 H = H := fun x ↦ by simp [conjugate, H.ext_iff]
","💥️type mismatch
  fun x => ?m.40960
has type
  (x : ?m.40956) → ?m.40961 x : Sort (imax ?u.40955 ?u.40958)
but is expected to have type
  conjugate 1 H = H : Prop

💥️simp made no progress",False,10,MIL.C08_Groups_and_Rings.solutions.Solutions_S01_Groups,Llama-8B,LENGTH,best_of_n,False,0,-1.0,CH08.conjugate_one,False,0
-1,False,8,"lemma eq_bot_iff_card {G : Type*} [Group G] {H : Subgroup G} :
    H = ⊥ ↔ Nat.card H = 1 := by
  suffices (∀ x ∈ H, x = 1) ↔ ∃ x ∈ H, ∀ a ∈ H, a = x by
    simpa [eq_bot_iff_forall, Nat.card_eq_one_iff_exists]
  constructor
  · intro h
    use 1, H.one_mem
  · rintro ⟨y, -, hy'⟩ x hx
    calc x = y := hy' x hx
    _      = 1 := (hy' 1 H.one_mem).symm

",,True,-1,"lemma eq_bot_iff_card {G : Type*} [Group G] {H : Subgroup G} :
    H = ⊥ ↔ Nat.card H = 1 := by
  suffices (∀ x ∈ H, x = 1) ↔ ∃ x ∈ H, ∀ a ∈ H, a = x by
    simpa [eq_bot_iff_forall, Nat.card_eq_one_iff_exists]
  constructor
  · intro h
    exact ⟨1, H.one_mem⟩
  · rintro ⟨y, -, hy'⟩ x hx
    calc x = y := hy' x hx
    _      = 1 := (hy' 1 H.one_mem).symm
","💥️application type mismatch
  Exists.intro 1 (Subgroup.one_mem H)
argument
  Subgroup.one_mem H
has type
  1 ∈ H : Prop
but is expected to have type
  1 ∈ H ∧ ∀ a ∈ H, a = 1 : Prop",False,10,MIL.C08_Groups_and_Rings.solutions.Solutions_S01_Groups,Llama-8B,LENGTH,best_of_n,False,0,-1.0,CH08.eq_bot_iff_card,False,0
-1,False,3,"lemma inf_bot_of_coprime {G : Type*} [Group G] (H K : Subgroup G)
    (h : (Nat.card H).Coprime (Nat.card K)) : H ⊓ K = ⊥ := by
  have D₁ : Nat.card (H ⊓ K : Subgroup G) ∣ Nat.card H := card_dvd_of_le inf_le_left
  have D₂ : Nat.card (H ⊓ K : Subgroup G) ∣ Nat.card K := card_dvd_of_le inf_le_right
  exact eq_bot_iff_card.2 (Nat.eq_one_of_dvd_coprimes h D₁ D₂)

",,True,3,"lemma inf_bot_of_coprime {G : Type*} [Group G] (H K : Subgroup G)
    (h : (Nat.card H).Coprime (Nat.card K)) : H ⊓ K = ⊥ := by
  have D₁ : Nat.card (H ⊓ K : Subgroup G) ∣ Nat.card H := card_dvd_of_le inf_le_left
  have D₂ : Nat.card (H ⊓ K : Subgroup G) ∣ Nat.card K := card_dvd_of_le inf_le_right
  exact eq_bot_iff_card.2 (Nat.eq_one_of_dvd_coprimes h D₁ D₂)
",,True,10,MIL.C08_Groups_and_Rings.solutions.Solutions_S01_Groups,Llama-8B,LENGTH,best_of_n,False,0,0.0,CH08.inf_bot_of_coprime,False,0
-1,False,7,"def iso₁ [Fintype G] (h : Disjoint H K) (h' : Nat.card G = Nat.card H * Nat.card K) : K ≃* G ⧸ H := by
  apply MulEquiv.ofBijective ((QuotientGroup.mk' H).restrict K)
  rw [Nat.bijective_iff_injective_and_card]
  constructor
  · rw [← ker_eq_bot_iff, (QuotientGroup.mk' H).ker_restrict K]
    simp [h]
  · symm
    exact aux_card_eq h'

",,True,7,"def iso₁ [Fintype G] (h : Disjoint H K) (h' : Nat.card G = Nat.card H * Nat.card K) : K ≃* G ⧸ H := by
  apply MulEquiv.ofBijective ((QuotientGroup.mk' H).restrict K)
  rw [Nat.bijective_iff_injective_and_card]
  constructor
  · rw [← ker_eq_bot_iff, (QuotientGroup.mk' H).ker_restrict K]
    simp [h]
  · symm
    exact aux_card_eq h'
",,True,10,MIL.C08_Groups_and_Rings.solutions.Solutions_S01_Groups,Llama-8B,LENGTH,best_of_n,False,0,0.0,CH08.iso₁,False,0
-1,False,7,"def iso₂ : G ≃* (G ⧸ K) × (G ⧸ H) := by
  apply MulEquiv.ofBijective <| (QuotientGroup.mk' K).prod (QuotientGroup.mk' H)
  rw [Nat.bijective_iff_injective_and_card]
  constructor
  · rw [← ker_eq_bot_iff, ker_prod]
    simp [h.symm.eq_bot]
  · rw [Nat.card_prod]
    rw [aux_card_eq h', aux_card_eq (mul_comm (Nat.card H) _▸ h'), h']

",,True,-1,"def iso₂ : G ≃* (G ⧸ K) × (G ⧸ H) :=
  MulEquiv.ofBijective <| (QuotientGroup.mk' K).prod (QuotientGroup.mk' H)
  rw [Nat.bijective_iff_injective_and_card]
  constructor
  · rw [← ker_eq_bot_iff, ker_prod]
    simp [h.symm.eq_bot]
  · rw [Nat.card_prod]
    rw [aux_card_eq h', aux_card_eq (mul_comm (Nat.card H) _▸ h'), h']


",💥️unknown identifier 'rw',False,10,MIL.C08_Groups_and_Rings.solutions.Solutions_S01_Groups,Llama-8B,LENGTH,best_of_n,False,0,-1.0,CH08.iso₂,False,0
-1,False,3,"theorem t1 (φ : G →* H) (S T : Subgroup H) (hST : S ≤ T) : comap φ S ≤ comap φ T := by
  intro x hx
  rw [mem_comap] at * -- Lean does not need this line
  exact hST hx

",,True,-1,"theorem t1 (φ : G →* H) (S T : Subgroup H) (hST : S ≤ T) : comap φ S ≤ comap φ T :=
  fun x hx ↦ comap φ x.2 ≤ hST hx
","💥️invalid field notation, type is not of the form (C ...) where C is a constant
  x
has type
  G

💥️type mismatch
  hST hx
has type
  φ x ∈ T : Prop
but is expected to have type
  Subgroup G : Type u_1",False,10,MIL.C08_Groups_and_Rings.solutions.Solutions_S01_Groups,Llama-8B,LENGTH,best_of_n,False,0,-1.0,CH08.t1,False,0
-1,False,4,"theorem t2 (φ : G →* H) (S T : Subgroup G) (hST : S ≤ T) : map φ S ≤ map φ T := by
  intro x hx
  rw [mem_map] at * -- Lean does not need this line
  rcases hx with ⟨y, hy, rfl⟩
  use y, hST hy

",,True,-1,"lemma t2 : ∀ (G →* H), (f : G →* H) → map f S ≤ map f T → S ≤ T → (f S).id ≤ f T
    (mem_map at *; intro x hx; rcases hx with ⟨y, hy, rfl⟩; use y, hST hy)

",💥️unexpected token '→*'; expected ')',False,10,MIL.C08_Groups_and_Rings.solutions.Solutions_S01_Groups,Llama-8B,LENGTH,best_of_n,False,0,-1.0,CH08.t2,False,0
-1,False,3,"theorem t3 (φ : G →* H) (ψ : H →* K) (U : Subgroup K) :
    comap (ψ.comp φ) U = comap φ (comap ψ U) := by
  -- The whole proof could be ``rfl``, but let's decompose it a bit.
  ext x
  simp only [mem_comap]
  rfl

-- Pushing a subgroup along one homomorphism and then another is equal to
-- pushing it forward along the composite of the homomorphisms.
",,True,-1,"theorem t3 (φ : G →* H) (ψ : H →* K) (U : Subgroup K) :
    comap (ψ.comp φ) U = comap φ (comap ψ U) := by
  -- The whole proof could be rfl, but let's decompose it a bit.

  ext x
  simp only [mem_comap, GroupHomomorphism.comp_apply]
  rfl

-- Pushing a subgroup along one homomorphism and then another is equal to
-- pushing it forward along the composite of the homomorphisms.

",💥️unknown identifier 'GroupHomomorphism.comp_apply',False,10,MIL.C08_Groups_and_Rings.solutions.Solutions_S01_Groups,Llama-8B,LENGTH,best_of_n,False,0,-1.0,CH08.t3,False,0
-1,False,10,"theorem t4 (φ : G →* H) (ψ : H →* K) (S : Subgroup G) :
    map (ψ.comp φ) S = map ψ (S.map φ) := by
  ext x
  simp only [mem_map]
  constructor
  · rintro ⟨y, y_in, hy⟩
    exact ⟨φ y, ⟨y, y_in, rfl⟩, hy⟩
  · rintro ⟨y, ⟨z, z_in, hz⟩, hy⟩
    use z, z_in
    calc ψ.comp φ z = ψ (φ z) := rfl
    _               = ψ y := by congr
    _               = x := hy

",,True,10,"theorem t4 (φ : G →* H) (ψ : H →* K) (S : Subgroup G) :
    map (ψ.comp φ) S = map ψ (S.map φ) := by
  ext x
  simp only [mem_map]
  constructor
  · rintro ⟨y, y_in, hy⟩
    exact ⟨φ y, ⟨y, y_in, rfl⟩, hy⟩
  · rintro ⟨y, ⟨z, z_in, hz⟩, hy⟩
    use z, z_in
    calc ψ.comp φ z = ψ (φ z) := rfl
    _               = ψ y := by congr
    _               = x := hy


",,True,10,MIL.C08_Groups_and_Rings.solutions.Solutions_S01_Groups,Llama-8B,LENGTH,best_of_n,False,0,0.0,CH08.t4,False,0
-1,False,12,"def t2 : Filter ℕ :=
  { sets := { s | ∃ a, ∀ b, a ≤ b → b ∈ s }
    univ_sets := by
      use 42
      simp
    sets_of_superset := by
      rintro U V ⟨N, hN⟩ hUV
      use N
      tauto
    inter_sets := by
      rintro U V ⟨N, hN⟩ ⟨N', hN'⟩
      use max N N'
      intro b hb
      rw [max_le_iff] at hb
      constructor <;> tauto }

",,True,12,"def t2 : Filter ℕ :=
  { sets := { s | ∃ a, ∀ b, a ≤ b → b ∈ s }
    univ_sets := by
      use 42
      simp
    sets_of_superset := by
      rintro U V ⟨N, hN⟩ hUV
      use N
      tauto
    inter_sets := by
      rintro U V ⟨N, hN⟩ ⟨N', hN'⟩
      use max N N'
      intro b hb
      rw [max_le_iff] at hb
      constructor <;> tauto}",,True,10,MIL.C10_Topology.solutions.Solutions_S01_Filters,Llama-8B,LENGTH,best_of_n,False,0,0.0,CH10.t2,False,0
-1,False,1,"theorem t3 {X Y Z : Type*} {F : Filter X} {G : Filter Y} {H : Filter Z} {f : X → Y} {g : Y → Z}
    (hf : Tendsto₁ f F G) (hg : Tendsto₁ g G H) : Tendsto₁ (g ∘ f) F H :=
  calc
    map (g ∘ f) F = map g (map f F) := by rw [map_map]
    _ ≤ map g G := (map_mono hf)
    _ ≤ H := hg


",,True,-1,"theorem t3 {X Y Z : Type*} {F : Filter X} {G : Filter Y} {H : Filter Z} {f : X → Y} {g : Y → Z}
    (hf : Tendsto₁ f F G) (hg : Tendsto₁ g G H) : Tendsto₁ (g ∘ f) F H :=
  map (g ∘ f) F = map g (map f F) := by rw [map_map]
    _ ≤ map g G := (map_mono hf)
    _ ≤ H := hg
","💥️type mismatch
  map (g ∘ f) F = map g (map f F)
has type
  Prop : Type
but is expected to have type
  Tendsto₁ (g ∘ f) F H : Prop",False,10,MIL.C10_Topology.solutions.Solutions_S01_Filters,Llama-8B,LENGTH,best_of_n,False,0,-1.0,CH10.t3,False,0
-1,False,5,"theorem t4 {X Y Z : Type*} {F : Filter X} {G : Filter Y} {H : Filter Z} {f : X → Y} {g : Y → Z}
    (hf : Tendsto₁ f F G) (hg : Tendsto₁ g G H) : Tendsto₁ (g ∘ f) F H := by
  intro V hV
  rw [preimage_comp]
  apply hf
  apply hg
  exact hV

",,True,5,"theorem t4 {X Y Z : Type*} {F : Filter X} {G : Filter Y} {H : Filter Z} {f : X → Y} {g : Y → Z}
    (hf : Tendsto₁ f F G) (hg : Tendsto₁ g G H) : Tendsto₁ (g ∘ f) F H := by
  intro V hV
  rw [preimage_comp]
  apply hf
  apply hg
  exact hV


",,True,10,MIL.C10_Topology.solutions.Solutions_S01_Filters,Llama-8B,LENGTH,best_of_n,False,0,0.0,CH10.t4,False,0
-1,False,3,"theorem t5 (f : ℕ → ℝ × ℝ) (x₀ y₀ : ℝ) :
    Tendsto f atTop (𝓝 (x₀, y₀)) ↔
      Tendsto (Prod.fst ∘ f) atTop (𝓝 x₀) ∧ Tendsto (Prod.snd ∘ f) atTop (𝓝 y₀) :=
  calc
    Tendsto f atTop (𝓝 (x₀, y₀)) ↔ map f atTop ≤ 𝓝 (x₀, y₀) := Iff.rfl
    _ ↔ map f atTop ≤ 𝓝 x₀ ×ˢ 𝓝 y₀ := by rw [nhds_prod_eq]
    _ ↔ map f atTop ≤ comap Prod.fst (𝓝 x₀) ⊓ comap Prod.snd (𝓝 y₀) := Iff.rfl
    _ ↔ map f atTop ≤ comap Prod.fst (𝓝 x₀) ∧ map f atTop ≤ comap Prod.snd (𝓝 y₀) := le_inf_iff
    _ ↔ map Prod.fst (map f atTop) ≤ 𝓝 x₀ ∧ map Prod.snd (map f atTop) ≤ 𝓝 y₀ := by
      rw [← map_le_iff_le_comap, ← map_le_iff_le_comap]
    _ ↔ map (Prod.fst ∘ f) atTop ≤ 𝓝 x₀ ∧ map (Prod.snd ∘ f) atTop ≤ 𝓝 y₀ := by
      rw [map_map, map_map]


-- an alternative solution
",,True,-1,"theorem t5 (f : ℕ → ℝ × ℝ) (x₀ y₀ : ℝ) :
    Tendsto f atTop (",💥️expected token,False,10,MIL.C10_Topology.solutions.Solutions_S01_Filters,Llama-8B,LENGTH,best_of_n,False,0,-1.0,CH10.t5,False,0
-1,False,3,"theorem t6 (f : ℕ → ℝ × ℝ) (x₀ y₀ : ℝ) :
    Tendsto f atTop (𝓝 (x₀, y₀)) ↔
      Tendsto (Prod.fst ∘ f) atTop (𝓝 x₀) ∧ Tendsto (Prod.snd ∘ f) atTop (𝓝 y₀) := by
  rw [nhds_prod_eq]
  unfold Tendsto SProd.sprod Filter.instSProd
  rw [le_inf_iff, ← map_le_iff_le_comap, map_map, ← map_le_iff_le_comap, map_map]

",,True,-1,"theorem t6 (f : ℕ → ℝ × ℝ) (x₀ y₀ : ℝ) :
    Tendsto f atTop (",💥️expected token,False,10,MIL.C10_Topology.solutions.Solutions_S01_Filters,Llama-8B,LENGTH,best_of_n,False,0,-1.0,CH10.t6,False,0
