original_prompt,og_raw,og_score,new_raw_base,new_score_base,new_raw_test,new_score_test,module,model,decl
,"lemma additive_to_int_linear (f : ℤ → ℤ) (h: ∀ (x y : ℤ), f (x + y) = f x + f y):
   ∃ c, ∀ a, f a = c * a := by
  let g := AddMonoidHom.toIntLinearMap <| AddMonoidHom.mk' f h
  refine ⟨f 1, fun a => ?_⟩
  change g a = g 1 * a
  rw [mul_comm, ← smul_eq_mul, ← LinearMap.map_smul, smul_eq_mul, mul_one]

",4,"lemma additive_to_int_linear (f : ℤ → ℤ) (h: ∀ (x y : ℤ), f (x + y) = f x + f y):
   ∃ c, ∀ a, f a = c * a  := by
  let g := AddMonoidHom.toIntLinearMap <| AddMonoidHom.mk' f h
  refine ⟨f 1, fun a => ?_⟩
  change g a = g 1 * a
  rw [mul_comm, ← smul_eq_mul, ← LinearMap.map_smul, smul_eq_mul, mul_one];",4,"--src: /home/riyaza/eval_improver/improver/RAG/annotated/Mathlib/Mathlib.Data.Finite.Prod
protected theorem Finite.offDiag {s : Set α} (hs : s.Finite) : s.offDiag.Finite  := by
  refine (hs.prod hs).subset s.offDiag_subset_prod


",1,Compfiles.Imo2019P1,Qwen-7B-ImproverSFT-RAG,Imo2019P1.additive_to_int_linear
,"problem imo2020_q2 (a b c d : ℝ) (hd0 : 0 < d) (hdc : d ≤ c) (hcb : c ≤ b) (hba : b ≤ a)
    (h1 : a + b + c + d = 1) : (a + 2 * b + 3 * c + 4 * d) * a ^ a * b ^ b * c ^ c * d ^ d < 1 := by
  /-
  A solution is to eliminate the powers using weighted AM-GM and replace
  `1` by `(a+b+c+d)^3`, leaving a homogeneous inequality that can be
  proved in many ways by expanding, rearranging and comparing individual
  terms.  The version here using factors such as `a+3b+3c+3d` is from
  the official solutions.
  -/

  have hp : a ^ a * b ^ b * c ^ c * d ^ d ≤ a * a + b * b + c * c + d * d := by
    refine geom_mean_le_arith_mean4_weighted ?_ ?_ ?_ ?_ ?_ ?_ ?_ ?_ h1 <;> linarith
  calc
    (a + 2 * b + 3 * c + 4 * d) * a ^ a * b ^ b * c ^ c * d ^ d =
        (a + 2 * b + 3 * c + 4 * d) * (a ^ a * b ^ b * c ^ c * d ^ d) := by ac_rfl
    _ ≤ (a + 2 * b + 3 * c + 4 * d) * (a * a + b * b + c * c + d * d) := by gcongr; linarith
    _ = (a + 2 * b + 3 * c + 4 * d) * a ^ 2 + (a + 2 * b + 3 * c + 4 * d) * b ^ 2
        + (a + 2 * b + 3 * c + 4 * d) * c ^ 2 + (a + 2 * b + 3 * c + 4 * d) * d ^ 2 := by ring
    _ ≤ (a + 3 * b + 3 * c + 3 * d) * a ^ 2 + (3 * a + b + 3 * c + 3 * d) * b ^ 2
        + (3 * a + 3 * b + c + 3 * d) * c ^ 2 + (3 * a + 3 * b + 3 * c + d) * d ^ 2 := by
        gcongr ?_ * _ + ?_ * _ + ?_ * _ + ?_ * _ <;> linarith
    _ < (a + 3 * b + 3 * c + 3 * d) * a ^ 2 + (3 * a + b + 3 * c + 3 * d) * b ^ 2
        + (3 * a + 3 * b + c + 3 * d) * c ^ 2 + (3 * a + 3 * b + 3 * c + d) * d ^ 2
        + (6 * a * b * c + 6 * a * b * d + 6 * a * c * d + 6 * b * c * d) :=
        (lt_add_of_pos_right _ (by apply_rules [add_pos, mul_pos, zero_lt_one] <;> linarith))
    _ = (a + b + c + d) ^ 3 := by ring
    _ = 1 := by simp [h1]
",37,"problem imo2020_q2 (a b c d : ℝ) (hd0 : 0 < d) (hdc : d ≤ c) (hcb : c ≤ b) (hba : b ≤ a)
    (h1 : a + b + c + d = 1) : (a + 2 * b + 3 * c + 4 * d) * a ^ a * b ^ b * c ^ c * d ^ d < 1  := by
  /-
  A solution is to eliminate the powers using weighted AM-GM and replace
  `1` by `(a+b+c+d)^3`, leaving a homogeneous inequality that can be
  proved in many ways by expanding, rearranging and comparing individual
  terms.  The version here using factors such as `a+3b+3c+3d` is from
  the official solutions.
  -/

  have hp : a ^ a * b ^ b * c ^ c * d ^ d ≤ a * a + b * b + c * c + d * d := by
    refine geom_mean_le_arith_mean4_weighted ?_ ?_ ?_ ?_ ?_ ?_ ?_ ?_ h1 <;> linarith
  calc
    (a + 2 * b + 3 * c + 4 * d) * a ^ a * b ^ b * c ^ c * d ^ d =
        (a + 2 * b + 3 * c + 4 * d) * (a ^ a * b ^ b * c ^ c * d ^ d) := by ac_rfl
    _ ≤ (a + 2 * b + 3 * c + 4 * d) * (a * a + b * b + c * c + d * d) := by gcongr; linarith
    _ = (a + 2 * b + 3 * c + 4 * d) * a ^ 2 + (a + 2 * b + 3 * c + 4 * d) * b ^ 2
        + (a + 2 * b + 3 * c + 4 * d) * c ^ 2 + (a + 2 * b + 3 * c + 4 * d) * d ^ 2 := by ring
    _ ≤ (a + 3 * b + 3 * c + 3 * d) * a ^ 2 + (3 * a + b + 3 * c + 3 * d) * b ^ 2
        + (3 * a + 3 * b + c + 3 * d) * c ^ 2 + (3 * a + 3 * b + 3 * c + d) * d ^ 2 := by
        gcongr ?_ * _ + ?_ * _ + ?_ * _ + ?_ * _ <;> linarith
    _ < (a + 3 * b + 3 * c + 3 * d) * a ^ 2 + (3 * a + b + 3 * c + 3 * d) * b ^ 2
        + (3 * a + 3 * b + c + 3 * d) * c ^ 2 + (3 * a + 3 * b + 3 * c + d) * d ^ 2
        + (6 * a * b * c + 6 * a * b * d + 6 * a * c * d + 6 * b * c * d) :=
        (lt_add_of_pos_right _ (by apply_rules [add_pos, mul_pos, zero_lt_one] <;> linarith))
    _ = (a + b + c + d) ^ 3 := by ring
    _ = 1 := by simp [h1]",37,,0,Compfiles.Imo2020P2,Qwen-7B-ImproverSFT-RAG,imo2020_q2
"Shorten the current theorem (wrapped in <CURRENT>...</CURRENT>) to be as short as possible in length - measured in the number of tactics in the proof - while also ensuring that the output is still a correct proof of the theorem. The following items have been retrieved from the knowledge base as they may be helpful in optimizing the proof. They are wrapped in <RETRIEVED>...</RETRIEVED> with each item being wrapped further in <DOC>...</DOC>. Include the output in the <IMPROVED>...</IMPROVED> tag.

<RETRIEVED>
<DOC>
--src: /home/riyaza/eval_improver/improver/RAG/annotated/Mathlib/Mathlib.Data.ZMod.Basic
theorem val_cast_eq_val_of_lt {m n : ℕ} [nzm : NeZero m] {a : ZMod m}
    (h : a.val < n) : (a.cast : ZMod n).val = a.val := by
  have nzn : NeZero n := by constructor; rintro rfl; simp at h
  cases m with
  | zero => cases nzm; simp_all
  | succ m =>
    cases n with
    | zero => cases nzn; simp_all
    | succ n => exact Fin.val_cast_of_lt h
theorem cast_cast_zmod_of_le {m n : ℕ} [hm : NeZero m] (h : m ≤ n) (a : ZMod m) :
    (cast (cast a : ZMod n) : ZMod m) = a := by
  have : NeZero n := ⟨((Nat.zero_lt_of_ne_zero hm.out).trans_le h).ne'⟩
  rw [cast_eq_val, val_cast_eq_val_of_lt (a.val_lt.trans_le h), natCast_zmod_val]

</DOC>
<DOC>

--src: /home/riyaza/eval_improver/improver/RAG/annotated/Mathlib/Mathlib.RingTheory.Localization.Integer
theorem isInteger_smul {a : R} {b : S} (hb : IsInteger R b) : IsInteger R (a • b) := by
  rcases hb with ⟨b', hb⟩
  use a * b'
  rw [← hb, (algebraMap R S).map_mul, Algebra.smul_def]

</DOC>
<DOC>

--src: /home/riyaza/eval_improver/improver/RAG/annotated/Mathlib/Mathlib.Data.List.Dedup
theorem dedup_map_of_injective [DecidableEq β] {f : α → β} (hf : Function.Injective f)
    (xs : List α) :
    (xs.map f).dedup = xs.dedup.map f := by
  induction xs with
  | nil => simp
  | cons x xs ih =>
    rw [map_cons]
    by_cases h : x ∈ xs
    · rw [dedup_cons_of_mem h, dedup_cons_of_mem (mem_map_of_mem f h), ih]
    · rw [dedup_cons_of_not_mem h, dedup_cons_of_not_mem <| (mem_map_of_injective hf).not.mpr h, ih,
        map_cons]
theorem Subset.dedup_append_right {xs ys : List α} (h : xs ⊆ ys) :
    dedup (xs ++ ys) = dedup ys := by
  rw [List.dedup_append, Subset.union_eq_right (h.trans <| subset_dedup _)]

</DOC>
<DOC>

--src: /home/riyaza/eval_improver/improver/RAG/annotated/Mathlib/Mathlib.GroupTheory.Coxeter.Inversion
theorem length_mul_left_ne (w : W) : ℓ (w * t) ≠ ℓ w := by
  suffices cs.lengthParity (w * t) ≠ cs.lengthParity w by
    contrapose! this
    simp only [lengthParity_eq_ofAdd_length, this]
  rcases ht with ⟨w, i, rfl⟩
  simp [lengthParity_simple]

</DOC>
<DOC>

--src: /home/riyaza/eval_improver/improver/RAG/annotated/Mathlib/Mathlib.Order.Minimal
theorem Minimal.or (h : Minimal (fun x ↦ P x ∨ Q x) x) : Minimal P x ∨ Minimal Q x := by
  obtain ⟨h | h, hmin⟩ := h
  · exact .inl ⟨h, fun y hy hyx ↦ hmin (Or.inl hy) hyx⟩
  exact .inr ⟨h, fun y hy hyx ↦ hmin (Or.inr hy) hyx⟩

</DOC>
<DOC>

--src: /home/riyaza/eval_improver/improver/RAG/annotated/Mathlib/Mathlib.RingTheory.Ideal.Maximal
theorem maximal_of_no_maximal {P : Ideal α}
    (hmax : ∀ m : Ideal α, P < m → ¬IsMaximal m) (J : Ideal α) (hPJ : P < J) : J = ⊤ := by
  by_contra hnonmax
  rcases exists_le_maximal J hnonmax with ⟨M, hM1, hM2⟩
  exact hmax M (lt_of_lt_of_le hPJ hM2) hM1

</DOC>
<DOC>

--src: /home/riyaza/eval_improver/improver/RAG/annotated/Mathlib/Mathlib.Data.Rat.Defs
theorem natCast_div_eq_divInt (n d : ℕ) : (n : ℚ) / d = n /. d := Rat.intCast_div_eq_divInt n d
theorem divInt_mul_divInt_cancel {x : ℤ} (hx : x ≠ 0) (n d : ℤ) : n /. x * (x /. d) = n /. d := by
  by_cases hd : d = 0
  · rw [hd]
    simp
  rw [divInt_mul_divInt _ _ hx hd, x.mul_comm, divInt_mul_right hx]

</DOC>
</RETRIEVED>

<CURRENT>
theorem exists_numbers_in_interval (n : ℕ) (hn : 100 ≤ n) :
    ∃ l : ℕ, n + 4 * l ≤ 2 * l ^ 2 ∧ 2 * l ^ 2 + 4 * l ≤ 2 * n := by
  have hn' : 1 ≤ Nat.sqrt (n + 1) := by
    rw [Nat.le_sqrt]
    omega
  have h₁ := Nat.sqrt_le' (n + 1)
  have h₂ := Nat.succ_le_succ_sqrt' (n + 1)
  have h₃ : 10 ≤ (n + 1).sqrt := by
    rw [Nat.le_sqrt]
    omega
  rw [← Nat.sub_add_cancel hn'] at h₁ h₂ h₃
  set l := (n + 1).sqrt - 1
  refine ⟨l, ?_, ?_⟩
  · calc n + 4 * l ≤ (l ^ 2 + 4 * l + 2) + 4 * l := by linarith only [h₂]
      _ ≤ 2 * l ^ 2 := by nlinarith only [h₃]
  · linarith only [h₁]


</CURRENT>

<IMPROVED>","theorem exists_numbers_in_interval (n : ℕ) (hn : 100 ≤ n) :
    ∃ l : ℕ, n + 4 * l ≤ 2 * l ^ 2 ∧ 2 * l ^ 2 + 4 * l ≤ 2 * n := by
  have hn' : 1 ≤ Nat.sqrt (n + 1) := by
    rw [Nat.le_sqrt]
    omega
  have h₁ := Nat.sqrt_le' (n + 1)
  have h₂ := Nat.succ_le_succ_sqrt' (n + 1)
  have h₃ : 10 ≤ (n + 1).sqrt := by
    rw [Nat.le_sqrt]
    omega
  rw [← Nat.sub_add_cancel hn'] at h₁ h₂ h₃
  set l := (n + 1).sqrt - 1
  refine ⟨l, ?_, ?_⟩
  · calc n + 4 * l ≤ (l ^ 2 + 4 * l + 2) + 4 * l := by linarith only [h₂]
      _ ≤ 2 * l ^ 2 := by nlinarith only [h₃]
  · linarith only [h₁]

",16,"theorem exists_numbers_in_interval (n : ℕ) (hn : 100 ≤ n) :
    ∃ l : ℕ, n + 4 * l ≤ 2 * l ^ 2 ∧ 2 * l ^ 2 + 4 * l ≤ 2 * n  := by
  have hn' : 1 ≤ Nat.sqrt (n +  1) := by
    rw [Nat.le_sqrt]; omega
  have h₁ := Nat.sqrt_le' (n + 1)
  have h₂ := Nat.succ_le_succ_sqrt' (n + 1)
  have h₃ : 10 ≤ (n + 1).sqrt := by
    rw [Nat.le_sqrt]; omega
  rw [← Nat.sub_add_cancel hn'] at h₁ h₂ h₃
  set l := (n + 1).sqrt - 1
  refine ⟨l, ?_, ?_⟩
  calc 
    n + 4 * l ≤ (l ^ 2 + 4 * l + 2) + 4 * l := by linarith [h₂]
    _ ≤ 2 * l ^ 2 := by nlinarith [h₃]
  linarith [h₁]",16,,0,Compfiles.Imo2021P1,Qwen-7B-ImproverSFT-RAG,Imo2021P1.exists_numbers_in_interval
"Shorten the current theorem (wrapped in <CURRENT>...</CURRENT>) to be as short as possible in length - measured in the number of tactics in the proof - while also ensuring that the output is still a correct proof of the theorem. The following items have been retrieved from the knowledge base as they may be helpful in optimizing the proof. They are wrapped in <RETRIEVED>...</RETRIEVED> with each item being wrapped further in <DOC>...</DOC>. Include the output in the <IMPROVED>...</IMPROVED> tag.

<RETRIEVED>
<DOC>
--src: /home/riyaza/eval_improver/improver/RAG/annotated/Mathlib/Mathlib.Tactic.ComputeDegree
theorem natDegree_smul_le_of_le {n : ℕ} {a : R} {f : R[X]} (hf : natDegree f ≤ n) :
    natDegree (a • f) ≤ n :=
  (natDegree_smul_le a f).trans hf
theorem degree_smul_le_of_le {n : ℕ} {a : R} {f : R[X]} (hf : degree f ≤ n) :
    degree (a • f) ≤ n :=
  (degree_smul_le a f).trans hf
theorem coeff_smul {n : ℕ} {a : R} {f : R[X]} : (a • f).coeff n = a * f.coeff n := rfl

</DOC>
<DOC>

--src: /home/riyaza/eval_improver/improver/RAG/annotated/Mathlib/Mathlib.Algebra.Algebra.Subalgebra.Basic
theorem toSubmodule_injective : Function.Injective (toSubmodule : Subalgebra R A → Submodule R A) :=
  fun _S₁ _S₂ h => SetLike.ext (SetLike.ext_iff.mp h :)
instance (priority := low) module' [Semiring R'] [SMul R' R] [Module R' A] [IsScalarTower R' R A] :
    Module R' S :=
  S.toSubmodule.module'
instance : Module R S :=
  S.module'
instance [Semiring R'] [SMul R' R] [Module R' A] [IsScalarTower R' R A] : IsScalarTower R' R S :=
  inferInstanceAs (IsScalarTower R' R (toSubmodule S))

</DOC>
<DOC>

--src: /home/riyaza/eval_improver/improver/RAG/annotated/Mathlib/Mathlib.CategoryTheory.Galois.Basic
lemma surjective_on_fiber_of_epi {X Y : C} (f : X ⟶ Y) [Epi f] : Function.Surjective (F.map f) :=
  surjective_of_epi (FintypeCat.incl.map (F.map f))

</DOC>
<DOC>

--src: /home/riyaza/eval_improver/improver/RAG/annotated/Mathlib/Mathlib.Data.Complex.Module
theorem coe_basisOneI : ⇑basisOneI = ![1, I] :=
  funext fun i =>
    Basis.apply_eq_iff.mpr <|
      Finsupp.ext fun j => by
        fin_cases i <;> fin_cases j <;>
          -- Porting note: removed `only`, consider squeezing again
          simp [coe_basisOneI_repr, Finsupp.single_eq_of_ne, Matrix.cons_val_zero,
            Matrix.cons_val_one, Matrix.head_cons, Fin.one_eq_zero_iff, Ne, not_false_iff, I_re,
            Nat.succ_succ_ne_one, one_im, I_im, one_re, Finsupp.single_eq_same, Fin.zero_eq_one_iff]
instance (priority := 900) Module.complexToReal (E : Type*) [AddCommGroup E] [Module ℂ E] :
    Module ℝ E :=
  RestrictScalars.module ℝ ℂ E

</DOC>
<DOC>

--src: /home/riyaza/eval_improver/improver/RAG/annotated/Mathlib/Mathlib.LinearAlgebra.DFinsupp
@[deprecated (since := ""2024-11-24"")]
alias independent_iff_forall_dfinsupp := iSupIndep_iff_forall_dfinsupp

</DOC>
<DOC>

--src: /home/riyaza/eval_improver/improver/RAG/annotated/Mathlib/Mathlib.Data.ZMod.Defs
theorem card (n : ℕ) [Fintype (ZMod n)] : Fintype.card (ZMod n) = n := by
  cases n with
  | zero => exact (not_finite (ZMod 0)).elim
  | succ n => convert Fintype.card_fin (n + 1) using 2

</DOC>
<DOC>

--src: /home/riyaza/eval_improver/improver/RAG/annotated/Mathlib/Mathlib.Topology.Homotopy.Path
theorem target (F : Homotopy p₀ p₁) (t : I) : F (t, 1) = x₁ :=
  calc F (t, 1) = p₀ 1 := ContinuousMap.HomotopyRel.eq_fst _ _ (.inr rfl)
  _ = x₁ := p₀.target

</DOC>
</RETRIEVED>

<CURRENT>
theorem exists_triplet_summing_to_squares (n : ℕ) (hn : 100 ≤ n) :
    ∃ a b c : ℕ, n ≤ a ∧ a < b ∧ b < c ∧ c ≤ 2 * n ∧
      (∃ k : ℕ, a + b = k ^ 2) ∧ (∃ l : ℕ, c + a = l ^ 2) ∧ ∃ m : ℕ, b + c = m ^ 2 := by
  obtain ⟨l, hl1, hl2⟩ := exists_numbers_in_interval n hn
  have p : 1 < l := by contrapose! hl1; interval_cases l <;> omega
  have h₁ : 4 * l ≤ 2 * l ^ 2 := by omega
  have h₂ : 1 ≤ 2 * l := by omega
  refine ⟨2 * l ^ 2 - 4 * l, 2 * l ^ 2 + 1, 2 * l ^ 2 + 4 * l, ?_, ?_, ?_,
    ⟨?_, ⟨2 * l - 1, ?_⟩, ⟨2 * l, ?_⟩, 2 * l + 1, ?_⟩⟩
  all_goals zify [h₁, h₂]; linarith

-- Since it will be more convenient to work with sets later on, we will translate the above claim
-- to state that there always exists a set B ⊆ [n, 2n] of cardinality at least 3, such that each
-- pair of pairwise unequal elements of B sums to a perfect square.

</CURRENT>

<IMPROVED>","theorem exists_triplet_summing_to_squares (n : ℕ) (hn : 100 ≤ n) :
    ∃ a b c : ℕ, n ≤ a ∧ a < b ∧ b < c ∧ c ≤ 2 * n ∧
      (∃ k : ℕ, a + b = k ^ 2) ∧ (∃ l : ℕ, c + a = l ^ 2) ∧ ∃ m : ℕ, b + c = m ^ 2 := by
  obtain ⟨l, hl1, hl2⟩ := exists_numbers_in_interval n hn
  have p : 1 < l := by contrapose! hl1; interval_cases l <;> omega
  have h₁ : 4 * l ≤ 2 * l ^ 2 := by omega
  have h₂ : 1 ≤ 2 * l := by omega
  refine ⟨2 * l ^ 2 - 4 * l, 2 * l ^ 2 + 1, 2 * l ^ 2 + 4 * l, ?_, ?_, ?_,
    ⟨?_, ⟨2 * l - 1, ?_⟩, ⟨2 * l, ?_⟩, 2 * l + 1, ?_⟩⟩
  all_goals zify [h₁, h₂]; linarith

-- Since it will be more convenient to work with sets later on, we will translate the above claim
-- to state that there always exists a set B ⊆ [n, 2n] of cardinality at least 3, such that each
-- pair of pairwise unequal elements of B sums to a perfect square.
",26,"theorem exists_triplet_summing_to_squares (n : ℕ) (hn : 100 ≤ n) :
    ∃ a b c : ℕ, n ≤ a ∧ a < b ∧ b < c ∧ c ≤ 2 * n ∧
      (∃ k : ℕ, a + b = k ^ 2) ∧ (∃ l : ℕ, c + a = l ^ 2) ∧ ∃ m : ℕ, b + c = m ^ 2    := by
  obtain ⟨l, hl1, hl2⟩ := exists_numbers_in_interval n hn
  refine ⟨2 * l ^ 2 - 4 * l, 2 * l ^ 2 + 1, 2 * l ^ 2 + 4 * l, _, _, _, ⟨?_, ⟨2 * l - 1, ?_⟩, ⟨2 * l, ?_⟩, 2 * l + 1, ?_⟩⟩
  all_goals zify [1 ≤ l, hl1, hl2]; linarith",-1,,0,Compfiles.Imo2021P1,Qwen-7B-ImproverSFT-RAG,Imo2021P1.exists_triplet_summing_to_squares
"Shorten the current theorem (wrapped in <CURRENT>...</CURRENT>) to be as short as possible in length - measured in the number of tactics in the proof - while also ensuring that the output is still a correct proof of the theorem. The following items have been retrieved from the knowledge base as they may be helpful in optimizing the proof. They are wrapped in <RETRIEVED>...</RETRIEVED> with each item being wrapped further in <DOC>...</DOC>. Include the output in the <IMPROVED>...</IMPROVED> tag.

<RETRIEVED>
<DOC>
--src: /home/riyaza/eval_improver/improver/RAG/annotated/Mathlib/Mathlib.Condensed.Discrete.LocallyConstant
f : LocallyConstant (↑(Opposite.unop S).toTop) (X.val.obj { unop := CompHausLi …
      a : Function.Fiber ⇑(LocallyConstant.map (g.val.app { unop := CompHausLike.of  …
      b : Function.Fiber ⇑(LocallyConstant.comap (CompHausLike.LocallyConstant.sigma …
      ⊢ Eq (g.val.app { unop := CompHausLike.LocallyConstant.fiber (LocallyConstant. …
    -/
    rw [mk_image]
    /-
      case h.w.h.h.h.h
      P : TopCat → Prop
      inst✝⁴ : ∀ (S : CompHausLike P) (p : ↑S.toTop → Prop), CompHausLike.HasProp P  …
      S✝ : CompHausLike P
      Y✝ : CategoryTheory.Functor (Opposite (CompHausLike P)) (Type (max u w))
      inst✝³ : CompHausLike.HasProp P PUnit.{u + 1}
      f✝ : LocallyConstant (↑S✝.toTop) (Y✝.obj { unop := CompHausLike.of P PUnit.{u  …
      T : CompHausLike P
      g✝ : Quiver.Hom T S✝
      X✝ : TopCat
      inst✝² : CompHausLike.HasExplicitFiniteCoproducts P
      inst✝¹ : CompHausLike.HasExplicitPullbacks P

</DOC>
<DOC>

--src: /home/riyaza/eval_improver/improver/RAG/annotated/Mathlib/Mathlib.Data.Array.ExtractLemmas
-/
  · intro k hi h2
    rw [getElem_extract, getElem_extract,
      getElem_append_right (show size a ≤ i + k by omega)]
    congr
    /-
      case h₂.e_i
      α : Type u
      a b : Array α
      i j : Nat
      h : LE.le a.size i
      k : Nat
      hi : LT.lt k ((HAppend.hAppend a b).extract i j).size
      h2 : LT.lt k (b.extract (HSub.hSub i a.size) (HSub.hSub j a.size)).size

</DOC>
<DOC>

--src: /home/riyaza/eval_improver/improver/RAG/annotated/Mathlib/Mathlib.LinearAlgebra.Basis.Basic
c : R
        y : Finsupp ι R
        ⊢ Eq (HSMul.hSMul (HSMul.hSMul c (y Inhabited.default)) x) (HSMul.hSMul c (HSM …
      -/
      rw [← smul_assoc]
    · refine smul_left_injective _ nz ?_
      /-
        case mpr.intro.intro.refine_3
        R : Type u_7
        M : Type u_8
        inst✝⁵ : Ring R
        inst✝⁴ : Nontrivial R
        inst✝³ : AddCommGroup M
        inst✝² : Module R M
        inst✝¹ : NoZeroSMulDivisors R M

</DOC>
<DOC>

--src: /home/riyaza/eval_improver/improver/RAG/annotated/Mathlib/Mathlib.Combinatorics.SimpleGraph.Triangle.Counting
hZ : LE.le (HMul.hMul (↑u.card) ε) ↑(Finset.filter (fun y => G.Adj x y) u).card
    this✝ : LT.lt (abs (HSub.hSub ↑(G.edgeDensity (Finset.filter (G.Adj x) t) (Fin …
    this : LE.le ε ↑(HDiv.hDiv (↑(G.interedges (Finset.filter (fun y => G.Adj x y) …
    ⊢ LE.le (HMul.hMul (HMul.hMul (HPow.hPow ε 3) ↑t.card) ↑u.card) ↑(Finset.filte …
  -/
  push_cast at this
  /-
    case intro.intro
    α : Type u_1
    G : SimpleGraph α
    inst✝¹ : DecidableRel G.Adj
    ε : Real
    s t u : Finset α
    inst✝ : DecidableEq α
    dst : LE.le (HMul.hMul 2 ε) ↑(G.edgeDensity s t)
    dsu : LE.le (HMul.hMul 2 ε) ↑(G.edgeDensity s u)
    dtu : LE.le (HMul.hMul 2 ε) ↑(G.edgeDensity t u)
    utu : G.IsUniform ε t u
    x : α
    hxY : LE.le (HMul.hMul (↑t.card) (HSub.hSub (↑(G.edgeDensity s t)) ε)) ↑(Finse …
    hsu : LE.le (HMul.hMul (↑u.card) (HSub.hSub (↑(G.edgeDensity s u)) ε)) ↑(Finse …
    hY : LE.le (HMul.hMul (↑t.card) ε) ↑(Finset.filter (fun y => G.Adj x y) t).card

</DOC>
<DOC>

--src: /home/riyaza/eval_improver/improver/RAG/annotated/Mathlib/Mathlib.NumberTheory.Pell
hd₂ : Dvd.dvd m (HSub.hSub (HMul.hMul q₁.num ↑q₂.den) (HMul.hMul q₂.num ↑q₁.de …
      hm₀ : Ne (↑m) 0
      ⊢ Eq (HSub.hSub (HPow.hPow (HDiv.hDiv (HSub.hSub (HMul.hMul q₁.num q₂.num) (HM …
    -/
  · qify [hd₁, hd₂]
    /-
      case intro.intro.intro.intro.intro.intro.intro.intro.refine_1
      d : Int
      h₀ : LT.lt 0 d
      hd : Not (IsSquare d)
      ξ : Real := (↑d).sqrt
      hξ : Irrational ξ
      M : Int
      hM₁ : LT.lt (HAdd.hAdd (HMul.hMul 2 (abs ξ)) 1) ↑M
      hM : (setOf fun q => LT.lt (abs (HSub.hSub (HPow.hPow q.num 2) (HMul.hMul d (H …
      m : Int
      hm : (setOf fun q => Eq (HSub.hSub (HPow.hPow q.num 2) (HMul.hMul d (HPow.hPow …
      this : NeZero m.natAbs
      f : Rat → Prod (ZMod m.natAbs) (ZMod m.natAbs) := fun q => { fst := ↑q.num, sn …
      q₁ : Rat
      h₁ : Eq (HSub.hSub (HPow.hPow q₁.num 2) (HMul.hMul d (HPow.hPow (↑q₁.den) 2))) m
      q₂ : Rat
      h₂ : Eq (HSub.hSub (HPow.hPow q₂.num 2) (HMul.hMul d (HPow.hPow (↑q₂.den) 2))) m

</DOC>
<DOC>

--src: /home/riyaza/eval_improver/improver/RAG/annotated/Mathlib/Mathlib.Algebra.Module.LocalizedModule.Basic
-/
  rw [← IsLocalization.mk'_cancel _ _ (IsLocalization.sec S x).2, mk'_smul_mk]
  congr 1
    /-
      case h.h.e_m
      R : Type u
      inst✝⁵ : CommSemiring R
      S : Submonoid R
      M : Type v
      inst✝⁴ : AddCommMonoid M
      inst✝³ : Module R M
      T : Type u_1
      inst✝² : CommSemiring T
      inst✝¹ : Algebra R T
      inst✝ : IsLocalization S T
      x : T
      m : M
      s : Subtype fun x => Membership.mem S x
      n : M
      t : Subtype fun x => Membership.mem S x

</DOC>
<DOC>

--src: /home/riyaza/eval_improver/improver/RAG/annotated/Mathlib/Mathlib.SetTheory.Game.State
⊢ ((SetTheory.PGame.ofStateAux 0 s h).moveLeft t).Relabelling (SetTheory.PGame …
    -/
  · have t' := (leftMovesOfStateAux 0 h) t
    exfalso; exact turnBound_ne_zero_of_left_move t'.2 (nonpos_iff_eq_zero.mp h)
    /-
      case succ
      S : Type u
      inst✝ : SetTheory.PGame.State S
      s : S
      n✝ : Nat
      a✝ : (h : LE.le (SetTheory.PGame.State.turnBound s) n✝) → (t : (SetTheory.PGam …
      h : LE.le (SetTheory.PGame.State.turnBound s) (HAdd.hAdd n✝ 1)
      t : (SetTheory.PGame.ofStateAux (HAdd.hAdd n✝ 1) s h).LeftMoves

</DOC>
</RETRIEVED>

<CURRENT>
problem imo2021_p1 :
    ∀ n : ℕ, 100 ≤ n → ∀ (A) (_ : A ⊆ Finset.Icc n (2 * n)),
    (∃ (a : _) (_ : a ∈ A) (b : _) (_ : b ∈ A), a ≠ b ∧ ∃ k : ℕ, a + b = k ^ 2) ∨
    ∃ (a : _) (_ : a ∈ Finset.Icc n (2 * n) \ A) (b : _) (_ : b ∈ Finset.Icc n (2 * n) \ A),
      a ≠ b ∧ ∃ k : ℕ, a + b = k ^ 2 := by
  intro n hn A hA
  -- For each n ∈ ℕ such that 100 ≤ n, there exists a pairwise unequal triplet {a, b, c} ⊆ [n, 2n]
  -- such that all pairwise sums are perfect squares. In practice, it will be easier to use
  -- a finite set B ⊆ [n, 2n] such that all pairwise unequal pairs of B sum to a perfect square
  -- noting that B has cardinality greater or equal to 3, by the explicit construction of the
  -- triplet {a, b, c} before.
  obtain ⟨B, hB, h₁, h₂⟩ := exists_finset_3_le_card_with_pairs_summing_to_squares n hn
  have hBsub : B ⊆ Finset.Icc n (2 * n) := by
    intro c hcB; simpa only [Finset.mem_Icc] using h₂ c hcB
  have hB' : 2 * 1 < (B ∩ (Finset.Icc n (2 * n) \ A) ∪ B ∩ A).card := by
    rw [←inter_union_distrib_left, sdiff_union_self_eq_union, union_eq_left.2 hA,
      inter_eq_left.2 hBsub]
    exact Nat.succ_le_iff.mp hB
  -- Since B has cardinality greater or equal to 3, there must exist a subset C ⊆ B such that
  -- for any A ⊆ [n, 2n], either C ⊆ A or C ⊆ [n, 2n] \ A and C has cardinality greater
  -- or equal to 2.
  obtain ⟨C, hC, hCA⟩ := Finset.exists_subset_or_subset_of_two_mul_lt_card hB'
  rw [Finset.one_lt_card] at hC
  rcases hC with ⟨a, ha, b, hb, hab⟩
  simp only [Finset.subset_iff, Finset.mem_inter] at hCA
  -- Now we split into the two cases C ⊆ [n, 2n] \ A and C ⊆ A, which can be dealt with identically.
  cases' hCA with hCA hCA <;> [right; left] <;>
    exact ⟨a, (hCA ha).2, b, (hCA hb).2, hab, h₁ a (hCA ha).1 b (hCA hb).1 hab⟩



</CURRENT>

<IMPROVED>","problem imo2021_p1 :
    ∀ n : ℕ, 100 ≤ n → ∀ (A) (_ : A ⊆ Finset.Icc n (2 * n)),
    (∃ (a : _) (_ : a ∈ A) (b : _) (_ : b ∈ A), a ≠ b ∧ ∃ k : ℕ, a + b = k ^ 2) ∨
    ∃ (a : _) (_ : a ∈ Finset.Icc n (2 * n) \ A) (b : _) (_ : b ∈ Finset.Icc n (2 * n) \ A),
      a ≠ b ∧ ∃ k : ℕ, a + b = k ^ 2 := by
  intro n hn A hA
  -- For each n ∈ ℕ such that 100 ≤ n, there exists a pairwise unequal triplet {a, b, c} ⊆ [n, 2n]
  -- such that all pairwise sums are perfect squares. In practice, it will be easier to use
  -- a finite set B ⊆ [n, 2n] such that all pairwise unequal pairs of B sum to a perfect square
  -- noting that B has cardinality greater or equal to 3, by the explicit construction of the
  -- triplet {a, b, c} before.
  obtain ⟨B, hB, h₁, h₂⟩ := exists_finset_3_le_card_with_pairs_summing_to_squares n hn
  have hBsub : B ⊆ Finset.Icc n (2 * n) := by
    intro c hcB; simpa only [Finset.mem_Icc] using h₂ c hcB
  have hB' : 2 * 1 < (B ∩ (Finset.Icc n (2 * n) \ A) ∪ B ∩ A).card := by
    rw [←inter_union_distrib_left, sdiff_union_self_eq_union, union_eq_left.2 hA,
      inter_eq_left.2 hBsub]
    exact Nat.succ_le_iff.mp hB
  -- Since B has cardinality greater or equal to 3, there must exist a subset C ⊆ B such that
  -- for any A ⊆ [n, 2n], either C ⊆ A or C ⊆ [n, 2n] \ A and C has cardinality greater
  -- or equal to 2.
  obtain ⟨C, hC, hCA⟩ := Finset.exists_subset_or_subset_of_two_mul_lt_card hB'
  rw [Finset.one_lt_card] at hC
  rcases hC with ⟨a, ha, b, hb, hab⟩
  simp only [Finset.subset_iff, Finset.mem_inter] at hCA
  -- Now we split into the two cases C ⊆ [n, 2n] \ A and C ⊆ A, which can be dealt with identically.
  cases' hCA with hCA hCA <;> [right; left] <;>
    exact ⟨a, (hCA ha).2, b, (hCA hb).2, hab, h₁ a (hCA ha).1 b (hCA hb).1 hab⟩


",18,"theorem imo2021_p1 :
    ∀ n : ℕ, 100 ≤ n → ∀ (A) (_ : A ⊆ Finset.Icc n (2 * n)),
    (∃ (a : _) (_ : a ∈ A) (b : _) (_ : b ∈ A), a ≠ b ∧ ∃ k : ℕ, a + b = k ^ 2) ∨
    ∃ (a : _) (_ : a ∈ Finset.Icc n (2 * n) \ A) (b : _) (_ : b ∈ Finset.Icc n (2 * n) \ A),
      a ≠ b ∧ ∃ k : ℕ, a + b = k ^ 2  := by
  intro n hn A hA
  obtain ⟨B, hB, h₁, h₂⟩ := exists_finset_3_le_card_with_pairs_summing_to_squares n hn
  have hBsub : B ⊆ Finset.Icc n (2 * n) := by
    intro c hcB; simpa only [Finset.mem_Icc] using h₂ c hcB
  have hB' : 2 * 1 < (B ∩ (Finset.Icc n (2 * n) \ A) ∪ B ∩ A).card := by
    rw [←inter_union_distrib_left, sdiff_union_self_eq_union, union_eq_left.2 hA,
      inter_eq_left.2 hBsub]
    exact Nat.succ_le_iff.mp hB
  obtain ⟨C, hC, hCA⟩ := Finset.exists_subset_or_subset_of_two_mul_lt_card hB'
  rw [Finset.one_lt_card] at hC
  rcases hC with ⟨a, ha, b, hb, hab⟩
  simp only [Finset.subset_iff, Finset.mem_inter] at hCA
  cases' hCA with hCA hCA <;> [right; left] <;> exact ⟨a, (hCA ha).2, b, (hCA hb).2, hab, h₁ a (hCA ha).1 b (hCA hb).1 hab⟩



",18,,0,Compfiles.Imo2021P1,Qwen-7B-ImproverSFT-RAG,Imo2021P1.imo2021_p1
,"lemma amgm (a b : ℝ+) : ⟨2, two_pos⟩ ≤ a / b + b / a := by
  change 2 ≤ a.val / b.val + b.val / a.val
  obtain ⟨a, ha⟩ := a
  obtain ⟨b, hb⟩ := b
  dsimp only
  field_simp
  suffices H : 2 * (b * a) ≤ a * a + b * b by exact (le_div_iff₀ (mul_pos hb ha)).mpr H
  linarith [sq_nonneg (a - b)]

",8,"private theorem amgm (a b : ℝ+) : ⟨2, two_pos⟩ ≤ a / b + b / a   := by
  change 2 ≤ a.val / b.val + b.val / a.val
  obtain ⟨a, ha⟩ := a
  obtain ⟨b, hb⟩ := b
  field_simp
  suffices H : 2 * (b * a) ≤ a * a + b * b by exact (le_div_iff₀ (mul_pos hb ha)).mpr H
  linarith [sq_nonneg (a - b)]


",7,,0,Compfiles.Imo2022P2,Qwen-7B-ImproverSFT-RAG,Imo2022P2.amgm
,"lemma lemma0 {α : Type} {p : α → α → Prop}
    (h1 : ∀ x, ∃! y, p x y) (h2 : ∀ x y, p x y ↔ p y x) :
    ∀ x, Classical.choose (h1 (Classical.choose (h1 x).exists)).exists = x := by
  intro x
  obtain ⟨y, h1e, h1u⟩ := h1 x
  rw [h1u _ (Classical.choose_spec _)]
  obtain ⟨w, h1e', h1u'⟩ := h1 y
  rw [h1u' _ ((h2 _ _).mpr h1e)]
  exact h1u' _ (Classical.choose_spec _)

",6,"lemma lemma0 {α : Type} {p : α → α → Prop}
    (h1 : ∀ x, ∃! y, p x y) (h2 : ∀ x y, p x y ↔ p y x) :
    ∀ x, Classical.choose (h1 (Classical.choose (h1 x).exists)).exists = x  := by
  intro x
  rcases h1 x with ⟨y, h1e, h1u⟩
  rcases h1 y with ⟨w, h1e', h1u'⟩
  rw [h1u _ (Classical.choose_spec _), h1u' _ ((h2 _ _).mpr h1e)]
  exact h1u' _ (Classical.choose_spec _)",5,,0,Compfiles.Imo2022P2,Qwen-7B-ImproverSFT-RAG,Imo2022P2.lemma0
,"lemma am_gm (a b : ℝ) (ha : 0 ≤ a) (hb : 0 ≤ b) :
    2 * (a * b) ^ ((1 : ℝ) / 2) ≤ a + b   := by
  have hw : (0 : ℝ) ≤ 1/2 := by norm_num
  rw [Real.mul_rpow ha hb]
  linarith [Real.geom_mean_le_arith_mean2_weighted hw hw ha hb (by norm_num)]

",5,"lemma am_gm (a b : ℝ) (ha : 0 ≤ a) (hb : 0 ≤ b) :
    2 * (a * b) ^ ((1 : ℝ) / 2) ≤ a + b   := by
  have hw : (0 : ℝ) ≤ 1/2  := by norm_num
  rw [Real.mul_rpow ha hb]
  linarith [Real.geom_mean_le_arith_mean2_weighted hw hw ha hb (by norm_num)]
",5,,0,Compfiles.Usa2018P1,Qwen-7B-ImproverSFT-RAG,Usa2018P1.am_gm
,"lemma lemma_1
    (f : ℕ+ → ℕ+)
    (hf : ∀ n, f^[f n] n * f (f n) = n ^ 2)
    (a b : ℕ+)
    (r : ℕ)
    (fab1 : f^[r] b = a)
    (fab2 : f a = a) :
    b = a := by
  have h1 : ∀ s, f^[s] a = a := fun s ↦ Function.iterate_fixed fab2 s

  have h2 := calc f^[r] b
      = a := fab1
    _ = f^[r] a := (h1 r).symm

  -- which implies b=a by injectivity of f^r.
  exact Function.Injective.iterate (f_injective f hf) r h2

",3," theorem lemma_1
    (f : ℕ+ → ℕ+)
    (hf : ∀ n, f^[f n] n * f (f n) = n ^ 2)
    (a b : ℕ+)
    (r : ℕ)
    (fab1 : f^[r] b = a)
    (fab2 : f a = a) :
    b = a  := by
  exact Function.Injective.iterate (f_injective f hf) r (by rw [fab1, Function.iterate_fixed fab2 r])",2,,0,Compfiles.Usa2019P1,Qwen-7B-ImproverSFT-RAG,Usa2019P1.lemma_1
,"lemma pnat_odd_mul {a b c : ℕ+} (h : a * b = c * c) (hc : Odd c.val) :
    Odd a.val ∧ Odd b.val := by
  obtain ⟨a, ha⟩ := a
  obtain ⟨b, hb⟩ := b
  obtain ⟨c, hc⟩ := c
  simp only [PNat.mk_coe]
  rw [PNat.mk_coe] at hc
  apply_fun (fun x ↦ x.val) at h
  dsimp at h
  have h1 : Odd (c * c) := Odd.mul hc hc
  rw [←h] at h1
  exact Nat.odd_mul.mp h1

",10,"lemma pnat_odd_mul {a b c : ℕ+} (h : a * b = c * c) (hc : Odd c.val) :
    Odd a.val ∧ Odd b.val  := by
  rintro ⟨a, ha⟩ ⟨b, hb⟩ ⟨c, hc⟩
  simp only [PNat.mk_coe] at h hc
  exact Nat.odd_mul (Product.odd_mul. _ hc) (Product.odd_mul _ hc) (h.symm ▸ False.elim)",-1,"theorem val_cast_eq_val_of_lt {m n : ℕ} [nzm : NeZero m] {a : ZMod m}
    (h : a.val < n) : (a.cast : ZMod n).val = a.val  := by
  cases m with
  | zero => cases nzm; simp_all
  | succ m => cases n with
    | zero => cases nzm; simp_all
    | succ n => exact Fin.val_cast_of_lt h
",9,Compfiles.Usa2019P1,Qwen-7B-ImproverSFT-RAG,Usa2019P1.pnat_odd_mul
,"problem usa2022_p4 (p q : ℕ) :
    (p, q) ∈ solution_set ↔
    p.Prime ∧ q.Prime ∧
    ∃ a, a^2 + q = p ∧ ∃ b, b^2 + q = p * q := by
  constructor
  · -- easy direction
    intro hpq
    obtain ⟨rfl, rfl⟩ := hpq
    exact ⟨by norm_num, by norm_num, 1, by norm_num, 2, by norm_num⟩

  -- Informal proof outline taken from
  -- https://web.evanchen.cc/exams/USAMO-2022-notes.pdf
  rintro ⟨hpp, hpq, a, ha, b, hb⟩

  -- Note that 0 < p and 0 < q because they are prime.
  have hp_pos : 0 < p := Nat.Prime.pos hpp
  have hq_pos : 0 < q := Nat.Prime.pos hpq

  -- Note that we then have 0 < a < p, and 0 < b < p (because q ≤ p).
  have hqlep : q ≤ p := (Nat.le_add_left q (a ^ 2)).trans_eq ha

  have hbp : b < p := by
    by_contra! H
    have h2 : p^2 ≤ b^2 := Nat.pow_le_pow_of_le_left H 2
    have h6 :=
      calc p * p = p^2 := (Nat.pow_two p).symm
           _ < p^2 + q := Nat.lt_add_of_pos_right hq_pos
           _ ≤ _ := Nat.add_le_add_right h2 q
           _ = p * q := hb
    have h7 : p < q := (mul_lt_mul_left hp_pos).mp h6
    exact Nat.le_lt_asymm hqlep h7

  -- Subtracting our equations gives (b - a)(b + a) = b² - a² = p(q - 1),
  have h1 : (b + a) * (b - a) = p * (q - 1) := by
    rw [←Nat.sq_sub_sq, Nat.mul_sub_left_distrib, mul_one]
    have h2 : (b^2 + q) - (a^2 + q) = p * q - p :=
      Mathlib.Tactic.LinearCombination'.sub_pf hb ha
    rw [Nat.add_sub_add_right] at h2
    exact h2

  have hba : a < b := by
    have h2 : p < p * q := lt_mul_right hp_pos (Nat.Prime.one_lt hpq)
    have h3 := calc
              a^2 + q = p := ha
              _ < p * q := h2
              _ = b^2 + q := hb.symm
    have h4 : a^2 < b^2 := Nat.add_lt_add_iff_right.mp h3
    exact lt_of_pow_lt_pow_left' 2 h4
  have hba' : 0 < b - a := Nat.sub_pos_of_lt hba

  -- Since b - a < p and p is prime, we have that p divides b + a.
  have h2 : b - a < p := tsub_lt_of_lt hbp
  have h3 : ¬ p ∣ b - a := Nat.not_dvd_of_pos_of_lt hba' h2

  have h4 : p ∣ p * (q - 1) := Nat.dvd_mul_right p (q - 1)
  rw [←h1, mul_comm] at h4
  have h5 : p ∣ b + a := Or.resolve_left ((Nat.Prime.dvd_mul hpp).mp h4) h3

  -- Since and b + a < 2p, we have that a + b must in fact equal p.
  have h6 : b + a < 2 * p := by omega
  have h7 : b + a = p := by
    obtain ⟨k, hk⟩ := h5
    rw [mul_comm, hk] at h6
    have : k < 2 := (mul_lt_mul_left hp_pos).mp h6
    interval_cases k <;> omega

  -- Hence q - 1 = b - a.
  have h8 : q - 1 = b - a := by
    rw [h7] at h1
    exact (Nat.eq_of_mul_eq_mul_left hp_pos h1).symm

  -- Note that b - a and b + a have the same parity.
  -- Therefore p and q - 1 have the same parity.
  -- If they are both even, then q > p, contradiction.
  -- Therefore, they are both odd, and q = 2.
  have h9 : q = 2 := by
    have h10 : (b + a) % 2 = (b - a) % 2 := by
      have h11 : b + a = b - a + 2 * a := by
        rw [Nat.two_mul, ←add_assoc, add_left_inj]
        exact Nat.eq_add_of_sub_eq (Nat.le_of_lt hba) rfl
      rw [h11, Nat.add_mod]
      simp only [Nat.mul_mod_right, add_zero, Nat.mod_mod]
    rw [h7, ←h8] at h10
    cases' h : p % 2 with p'
    · have h14 : p = 2 := by
        have h15 : 2 ∣ p := Nat.modEq_zero_iff_dvd.mp h
        cases' Nat.Prime.eq_one_or_self_of_dvd hpp _ h15 with h16 h16
        · norm_num at h16
        · exact h16.symm
      rw [h14] at hqlep
      interval_cases q
      · norm_num at h8
        rw [h8] at hba'
        norm_num at hba'
      · rfl
    · cases' p' with p''
      · norm_num at h
        rw [h] at h10
        apply_fun (fun x ↦ (x + (1%2))%2) at h10
        rw [←Nat.add_mod, Nat.sub_add_cancel hq_pos] at h10
        norm_num at h10
        have h15 : 2 ∣ q := Nat.modEq_zero_iff_dvd.mp h10.symm
        cases' Nat.Prime.eq_one_or_self_of_dvd hpq _ h15 with h16 h16
        · norm_num at h16
        · exact h16.symm
      · have h14 := Nat.mod_lt p zero_lt_two
        rw [h] at h14
        exact (not_lt_zero' (Nat.succ_lt_succ_iff.mp (Nat.succ_lt_succ_iff.mp h14))).elim

  have h11 : p = 3 := by
    have h20 : b - a = 1 := by rw [h9] at h8; exact h8.symm
    have h22 : a ≤ b := Nat.le_of_lt hba
    have h21 : b = 1 + a := Nat.eq_add_of_sub_eq h22 h20
    have h23 : p = 2 * a + 1 := by
      rw [h21, add_assoc, ←Nat.two_mul, add_comm] at h7
      exact h7.symm
    rw [h23, h9, Nat.succ_inj'] at ha
    have h30 : a = 1 := by
      zify at ha
      have h26 : ((a:ℤ) - 1)^2 = 0 := by linear_combination ha
      have h27 : (a:ℤ) - 1 = 0 := pow_eq_zero h26
      have h28 : (a:ℤ) = 1 := Int.sub_eq_zero.mp h27
      exact Int.ofNat_inj.mp h28
    rw [h30] at h23
    exact h23

  simp (config := {decide := true}) only [h9, h11]


",99,"problem usa2022_p4 (p q : ℕ) :
    (p, q) ∈ solution_set ↔
    p.Prime ∧ q.Prime ∧
    ∃ a, a^2 + q = p ∧ ∃ b, b^2 + q = p * q  := by
  constructor
  intro hpq
  obtain ⟨rfl, rfl⟩ := hpq
  exact ⟨by norm_num, by norm_num, 1, by norm_num, 2, by norm_num⟩

  rintro ⟨hpp, hpq, a, ha, b, hb⟩
  have hq_pos : 0 < q := Nat.Prime.pos hpq
  have hp_pos : 0 < p := Nat.Prime.pos hpp
  have hqlep : q ≤ p := by by_contra! H; linarith [Nat.add_le_left q (a^2), ha]
  have : b < p := by
    by_contra! H
    linarith [Nat.add_le_left q b^2, hb] at H
  have h1 : (b + a) * (b - a) = p * (q - 1) := by
    rw [←Nat.sq_sub_sq, Nat.mul_sub_left_distrib, mul_one]
    linarith [ha, hb]
  obtain ⟨k, hk⟩ := Nat.dvd_mulzing_left hp_pos (q - 1) | hk_ := Nat.Prime.dvd_mul hpp (q - 1)
  rw [hk, mul_comm] at h1</div>",-1,,0,Compfiles.Usa2022P4,Qwen-7B-ImproverSFT-RAG,Usa2022P4.usa2022_p4
,"lemma lemma_1 (a b c : ℝ+) : (a + b)/c = a/c + b/c := by
  rw [division_def, add_mul, ←division_def, ←division_def]

",1,"lemma lemma_1 (a b c : ℝ+) : (a + b)/c = a/c + b/c  := by
  rw [division_def, add_mul, ←division_def, ←division_def]
",1,,0,Compfiles.Usa2023P2,Qwen-7B-ImproverSFT-RAG,Usa2023P2.lemma_1
,"lemma lemma_3 {a b c : ℝ+} (h : a = b + c) : c < a := by
  rw [h, ←Subtype.coe_lt_coe, Positive.coe_add]
  exact lt_add_of_pos_left _ b.2

",2,"lemma lemma_3 {a b c : ℝ+} (h : a = b + c) : c < a  := by
  rw [h, ←Subtype.coe_lt_coe, Positive.coe_add]
  exact lt_add_of_pos_left _ b.2
",2,,0,Compfiles.Usa2023P2,Qwen-7B-ImproverSFT-RAG,Usa2023P2.lemma_3
,"problem usa2023_p2 (f : ℝ+ → ℝ+) :
    f ∈ solution_set ↔
    ∀ x y, f (x * y + (f x)) = x * (f y) + ⟨2, two_pos⟩ := by
  constructor
  · intro hf
    rw [solution_set, Set.mem_singleton_iff] at hf
    intro x y
    rw [hf]
    dsimp only
    rw [mul_add, ←add_assoc (x*y), mul_one, add_assoc (x * y + x)]
    congr
    rw [Subtype.mk_eq_mk]
    norm_num
  · -- proof outline megarnie on AOPS:
    -- https://artofproblemsolving.com/community/c5h3038298p27349430

    -- It suffices to show that f must be a linear function.
    intro P
    suffices h : ∃ a b : ℝ, 0 < a ∧ ∀ x, (f x).val = a * x.val + b by
      rw [solution_set, Set.mem_singleton_iff]
      obtain ⟨a, b, ha, hab⟩ := h
      funext x
      rw [←Subtype.coe_inj]

      suffices h : a = 1 ∧ b = 1 by simp [hab, h]

      have P1 : ∀ x : ℝ+, a^2 * x.val + a * b + b = b * x.val + 2 := by
        intro x
        have P2 := P x 1
        simp only at P2
        rw [←Subtype.coe_inj] at P2
        simp only [mul_one, Positive.coe_add, Positive.val_mul, hab, Positive.val_one] at P2
        linarith

      have P3 : ∀ x : ℝ, 0 < x → a^2 * x + a * b + b = b * x + 2 := by
        intro x hx
        have hp1 := P1 ⟨x, hx⟩
        simp only [Positive.coe_add, Positive.val_mul, Positive.val_pow] at hp1
        exact hp1

      have hp1 := P3 1 zero_lt_one
      have hp2 := P3 2 zero_lt_two

      have h0 : a^2 = b := by linear_combination hp2 - hp1

      rw [←h0] at hp1 hp2
      have h1 : a = 1 := by nlinarith
      rw [h1, sq, mul_one] at h0
      exact ⟨h1, h0.symm⟩

    let c := f 1

    have h6 : ∀ y, f (y + c) = f y + ⟨2, two_pos⟩ := by
      intro y
      have h7 := P 1 y
      rw [one_mul, one_mul] at h7
      exact h7

    have h5 : ∀ x, f (x + f x) = x * c + ⟨2, two_pos⟩ := by
      intro x
      have h7 := P x 1
      rw [mul_one] at h7
      exact h7

    have h7 : ∀ x, f (x + f x) = x * f (c / x + 1) := by
      intro x
      have h8 := P x (c / x + 1)
      have h9 : x * (c / x + 1) + f x = x + f x + c := by
        rw [mul_add, mul_div_cancel, mul_one]
        ac_rfl
      rw [h9] at h8; clear h9
      rw [h6 (x + f x), add_left_inj] at h8
      rw [h8]

    have h8 : ∀ x, f (c / x + 1) = c + ⟨2, two_pos⟩ / x := by
      intro x
      have h9 := h7 x
      rw [h5 x] at h9
      apply_fun (· / x) at h9
      rw [mul_div_cancel_left] at h9
      rw [← h9]; clear h9
      rw [lemma_1, mul_div_cancel_left]

    have h9 : ∀ x, f (x + 1) = c + ⟨2,two_pos⟩ * x / c := by
      intro x
      have h10 := h8 (c/x)
      rwa [div_div_cancel, div_div_eq_mul_div] at h10

    have h10 : 1 ≤ c := by
      by_contra! H
      have h11 : 0 < 1 - (f 1).val := Iff.mpr sub_pos H
      have h12 := P 1 ⟨1 - (f 1).val, h11⟩
      rw [one_mul, one_mul] at h12
      have h13 : ⟨1 - (f 1).val, h11⟩ + f 1 = 1 := by
        rw [←Subtype.coe_inj]; simp only [Positive.coe_add, sub_add_cancel, Positive.val_one]
      rw [h13] at h12; clear h13
      have h14 : ⟨2, two_pos⟩ < f 1 := lemma_3 h12
      have h15 : (1:ℝ+) < ⟨2, two_pos⟩ := by rw [Subtype.mk_lt_mk]; exact one_lt_two
      exact ((H.trans h15).trans h14).false

    have h11 : ∀ x : ℝ+, 0 < (x + c).val - 1 := by
      intro x
      obtain ⟨c, hc⟩ := c
      obtain ⟨x, hx⟩ := x
      change 1 ≤ c at h10
      simp only [Positive.coe_add, sub_pos]
      exact lt_add_of_pos_of_le hx h10

    have h12 : ∀ x, c + ⟨2,two_pos⟩ * ⟨(x + c).val - 1, h11 _⟩ / c = f x + ⟨2, two_pos⟩ := by
      intro x
      rw [← h6]
      symm
      have h20 := h9 ⟨(x + c).val - 1, h11 _⟩
      have h21 : (⟨(x + c).val - 1, h11 _⟩ : ℝ+) + 1 = x + c := by
        obtain ⟨x, hx⟩ := x
        obtain ⟨cc, hcc⟩ := c
        rw [←Subtype.coe_inj]
        simp
      rw [h21] at h20
      exact h20

    refine ⟨2 / c.val, c.val - 2 / c.val, div_pos two_pos c.prop, ?_⟩
    intro x

    have h15 := h12 x
    rw [←Subtype.coe_inj] at h15
    rw [Positive.coe_add] at h15
    rw [val_div, Positive.val_mul, @Subtype.coe_mk _ _ 2] at h15
    rw [Subtype.coe_mk]
    obtain ⟨x, hx⟩ := x
    simp only [Positive.coe_add] at h15
    simp only
    obtain ⟨cc, rfl⟩ : ∃ cc, cc = f 1 := exists_eq
    rw [mul_sub, mul_add, mul_one, sub_div, add_div] at h15
    have h18 : (f 1).val ≠ 0 := ne_of_gt (f 1).prop
    rw [mul_div_cancel_right₀ 2 h18] at h15
    symm
    linear_combination h15


",123," theorem usa2023_p2 (f : ℝ+ → ℝ+) :
    f ∈ solution_set ↔
    ∀ x y, f (x * y + (f x)) = x * (f y) + ⟨2, two_pos⟩  := by
  constructor
  · intro hf
    rw [solution_set, Set.mem_singleton_iff] at hf
    intro x y
    rw [hf]
    dsimp only
    rw [mul_add, ←add_assoc (x*y), mul_one, add_assoc (x * y + x)]
    congr
    rw [Subtype.mk_eq_mk]
    norm_num
  · intro P
    suffices h : ∃ a b : ℝ, 0 < a ∧ ∀ x, (f x).val = a * x.val + b by
      rw [solution_set, Set.mem_singleton_iff]
      obtain ⟨a, b, ha, hab⟩ := h
      funext x
      rw [←Subtype.coe_inj]
      suffices h : a = 1 ∧ b = 1 by simp [hab, h]
      have :
        ∀ x, a^2 * x.val + a * b + b = b * x.val + 2 := by
        intro x
        have := P x 1
        simp only at this
        rw [←Subtype.coe_inj] at this
        linear_combination this
      have :
        ∀ x : ℝ, 0 < x → a^2 * x + a * b + b = b * x + 2 := by
        intro x hx
        have := P3 x hx",-1,,0,Compfiles.Usa2023P2,Qwen-7B-ImproverSFT-RAG,Usa2023P2.usa2023_p2
